descriptor,n_outlier_compounds,prop_outlier_compounds
BCUTc-1l,652,0.3302938196555218
SdssC,489,0.24772036474164133
minHsOH,457,0.2315096251266464
maxsOH,440,0.22289766970618036
maxHsOH,427,0.21631205673758866
minsOH,426,0.21580547112462006
mindssC,409,0.207193515704154
BCUTw-1h,291,0.1474164133738602
MDEO-11,265,0.1342451874366768
minaasC,225,0.11398176291793313
MAXDN2,205,0.1038500506585613
MAXDN,198,0.10030395136778116
gmin,194,0.09827760891590678
hmax,189,0.09574468085106383
minHBd,186,0.09422492401215805
nTRing,141,0.07142857142857142
ALogp2,136,0.06889564336372847
maxHBd,128,0.06484295845997974
VCH-7,113,0.057244174265450865
nBondsD,113,0.057244174265450865
MDEO-12,94,0.047619047619047616
minaaCH,89,0.04508611955420466
VC-5,88,0.044579533941236066
ATSc5,86,0.04356636271529889
BCUTp-1l,84,0.0425531914893617
maxwHBa,79,0.04002026342451875
ETA_EtaP_F,74,0.037487335359675786
SC-3,72,0.0364741641337386
VPC-6,67,0.033941236068895646
maxaasC,65,0.03292806484295846
maxaaCH,65,0.03292806484295846
VPC-5,63,0.031914893617021274
SC-5,62,0.031408308004052685
minHaaCH,62,0.031408308004052685
VCH-5,61,0.03090172239108409
maxHaaCH,60,0.030395136778115502
ETA_AlphaP,56,0.028368794326241134
DELS2,55,0.027862208713272545
DELS,55,0.027862208713272545
naasC,55,0.027862208713272545
minHother,54,0.02735562310030395
SssCH2,48,0.0243161094224924
ETA_EtaP_F_L,46,0.02330293819655522
SHBa,45,0.022796352583586626
maxHBa,43,0.021783181357649443
ATSc3,42,0.02127659574468085
ETA_Eta_B,41,0.02077001013171226
ATSm1,37,0.018743667679837893
FMF,36,0.0182370820668693
ETA_BetaP,36,0.0182370820668693
nHBAcc,36,0.0182370820668693
nRotB,35,0.01773049645390071
XLogP,35,0.01773049645390071
VPC-4,35,0.01773049645390071
maxHother,34,0.017223910840932118
nAtomLC,34,0.017223910840932118
ETA_Beta_ns,33,0.016717325227963525
ETA_Epsilon_3,33,0.016717325227963525
WPATH,30,0.015197568389057751
WTPT-2,28,0.014184397163120567
C2SP3,28,0.014184397163120567
ATSc2,27,0.013677811550151976
ATSc4,27,0.013677811550151976
ETA_EtaP_L,27,0.013677811550151976
ETA_BetaP_ns,27,0.013677811550151976
VP-7,25,0.012664640324214792
ETA_Eta_B_RC,25,0.012664640324214792
VC-3,25,0.012664640324214792
ETA_dBeta,24,0.0121580547112462
minwHBa,21,0.010638297872340425
fragC,21,0.010638297872340425
ETA_dEpsilon_D,19,0.009625126646403243
nHBAcc3,19,0.009625126646403243
CrippenLogP,18,0.00911854103343465
ECCEN,17,0.008611955420466059
MDEC-13,17,0.008611955420466059
SCH-7,16,0.008105369807497468
ATSm5,16,0.008105369807497468
WTPT-3,16,0.008105369807497468
VCH-6,16,0.008105369807497468
TopoPSA,15,0.007598784194528876
nN,15,0.007598784194528876
ndssC,15,0.007598784194528876
nHBAcc2,15,0.007598784194528876
SPC-4,15,0.007598784194528876
Kier3,15,0.007598784194528876
WTPT-5,15,0.007598784194528876
ETA_Shape_P,14,0.0070921985815602835
ETA_Epsilon_5,14,0.0070921985815602835
MDEC-12,14,0.0070921985815602835
ETA_EtaP,13,0.006585612968591692
ETA_Epsilon_4,13,0.006585612968591692
SsCH3,13,0.006585612968591692
sumI,13,0.006585612968591692
ALogP,13,0.006585612968591692
SPC-5,13,0.006585612968591692
nO,13,0.006585612968591692
nHCsats,12,0.0060790273556231
ETA_dEpsilon_C,12,0.0060790273556231
ETA_BetaP_ns_d,12,0.0060790273556231
nHBAcc_Lipinski,12,0.0060790273556231
nHBa,12,0.0060790273556231
VP-6,12,0.0060790273556231
ETA_dBetaP,11,0.005572441742654508
ATSc1,11,0.005572441742654508
nBondsD2,11,0.005572441742654508
Kier2,10,0.005065856129685917
MLFER_S,10,0.005065856129685917
MLFER_BO,9,0.004559270516717325
ETA_Eta_R,9,0.004559270516717325
ETA_Eta,9,0.004559270516717325
MLFER_BH,9,0.004559270516717325
Kier1,9,0.004559270516717325
SdO,9,0.004559270516717325
SP-0,9,0.004559270516717325
C1SP2,9,0.004559270516717325
SP-2,8,0.004052684903748734
VABC,8,0.004052684903748734
nBondsS3,8,0.004052684903748734
nBondsS2,8,0.004052684903748734
ETA_Eta_F,8,0.004052684903748734
nBondsS,8,0.004052684903748734
ETA_Eta_L,8,0.004052684903748734
nBonds2,8,0.004052684903748734
VP-0,8,0.004052684903748734
VP-2,8,0.004052684903748734
SHBd,8,0.004052684903748734
MW,8,0.004052684903748734
bpol,8,0.004052684903748734
ATSm2,8,0.004052684903748734
MLFER_A,8,0.004052684903748734
nH,8,0.004052684903748734
nsCH3,8,0.004052684903748734
MLFER_L,8,0.004052684903748734
nAtomLAC,8,0.004052684903748734
nHBd,8,0.004052684903748734
WTPT-4,8,0.004052684903748734
McGowan_Volume,8,0.004052684903748734
ATSm3,8,0.004052684903748734
nAtom,8,0.004052684903748734
nHeavyAtom,7,0.0035460992907801418
ETA_Beta_s,7,0.0035460992907801418
MLFER_E,7,0.0035460992907801418
WTPT-1,7,0.0035460992907801418
nHBDon_Lipinski,7,0.0035460992907801418
WPOL,7,0.0035460992907801418
ATSm4,7,0.0035460992907801418
ETA_Eta_R_L,7,0.0035460992907801418
nBonds,7,0.0035460992907801418
SCH-6,7,0.0035460992907801418
apol,7,0.0035460992907801418
nHBDon,7,0.0035460992907801418
HybRatio,7,0.0035460992907801418
ndO,7,0.0035460992907801418
ETA_Alpha,7,0.0035460992907801418
SPC-6,7,0.0035460992907801418
SHCsats,7,0.0035460992907801418
CrippenMR,7,0.0035460992907801418
VP-1,7,0.0035460992907801418
SP-1,7,0.0035460992907801418
Zagreb,7,0.0035460992907801418
ETA_dEpsilon_A,6,0.00303951367781155
ETA_Epsilon_1,6,0.00303951367781155
ATSp5,6,0.00303951367781155
ATSp1,6,0.00303951367781155
ATSp2,6,0.00303951367781155
SP-3,6,0.00303951367781155
AMR,6,0.00303951367781155
ETA_Psi_1,6,0.00303951367781155
ETA_Shape_Y,5,0.0025329280648429585
nC,5,0.0025329280648429585
ETA_dAlpha_B,5,0.0025329280648429585
minssCH2,5,0.0025329280648429585
ETA_dPsi_A,4,0.002026342451874367
nssCH2,4,0.002026342451874367
ETA_Epsilon_2,4,0.002026342451874367
MDEC-33,4,0.002026342451874367
ETA_BetaP_s,3,0.001519756838905775
C1SP3,3,0.001519756838905775
ETA_EtaP_B,3,0.001519756838905775
ATSp4,2,0.0010131712259371835
ETA_EtaP_B_RC,2,0.0010131712259371835
SCH-5,2,0.0010131712259371835
minHBa,2,0.0010131712259371835
nHother,2,0.0010131712259371835
gmax,2,0.0010131712259371835
LipoaffinityIndex,2,0.0010131712259371835
ETA_Beta,2,0.0010131712259371835
nwHBa,1,0.0005065856129685917
SwHBa,1,0.0005065856129685917
ETA_dEpsilon_B,1,0.0005065856129685917
VP-5,1,0.0005065856129685917
SsOH,1,0.0005065856129685917
VP-4,1,0.0005065856129685917
SaasC,1,0.0005065856129685917
VAdjMat,1,0.0005065856129685917
minHCsats,1,0.0005065856129685917
VP-3,1,0.0005065856129685917
SP-6,1,0.0005065856129685917
ATSp3,1,0.0005065856129685917
ETA_Beta_ns_d,1,0.0005065856129685917
ETA_Eta_F_L,1,0.0005065856129685917
SP-4,1,0.0005065856129685917
C3SP2,1,0.0005065856129685917
SP-7,1,0.0005065856129685917
SP-5,1,0.0005065856129685917
naaCH,0,0.0
nBondsM,0,0.0
nT5Ring,0,0.0
nT6Ring,0,0.0
nT10Ring,0,0.0
SaaCH,0,0.0
MAXDP,0,0.0
maxHCsats,0,0.0
nssO,0,0.0
n6Ring,0,0.0
SHother,0,0.0
SHaaCH,0,0.0
nAromBond,0,0.0
SHsOH,0,0.0
naAromAtom,0,0.0
C2SP2,0,0.0
nsOH,0,0.0
MAXDP2,0,0.0
nF10Ring,0,0.0
hmin,0,0.0
n5Ring,0,0.0
nRing,0,0.0
BCUTw-1l,0,0.0
BCUTc-1h,0,0.0
BCUTp-1h,0,0.0
maxsCH3,0,0.0
mindO,0,0.0
nAtomP,0,0.0
maxssCH2,0,0.0
MLogP,0,0.0
minsCH3,0,0.0
MDEC-22,0,0.0
MDEC-23,0,0.0
maxdO,0,0.0
nHsOH,0,0.0
nHaaCH,0,0.0
maxssO,0,0.0
SssO,0,0.0
PetitjeanNumber,0,0.0
minssO,0,0.0
