model_name,feature_set_name,n_features,n_input_features,n_source_descriptors,n_latent_components,n_latent_scores_used,feature_representation,rmse_cv_global,mae_cv_global,q2_cv_global,r2_cv_global,fold_rmse_mean,fold_rmse_sd,fold_mae_mean,fold_r2_mean,model_family,delta_q2_vs_linear_pls,delta_rmse_vs_linear_pls,calibration_intercept_observed_on_predicted,calibration_slope_observed_on_predicted,mean_residual,median_residual,low_activity_bin_mean_residual,high_activity_bin_mean_residual,high_minus_low_residual_gap,max_abs_bin_mean_residual,mean_abs_bin_mean_residual,mean_bin_abs_residual
hist_gradient_boosting_primary_descriptors,primary_full_constant_removed,504,504,504,,,raw_descriptor_features,0.6886484634834821,0.4963819407053687,0.7656897832710984,0.7656897832710984,0.6876681163298193,0.04115956818543326,0.4963862657079968,0.7653053759103459,nonparametric_reference_on_raw_descriptors,0.12733108549516914,-0.1668928421271657,0.020571222977195613,0.994822199617767,-0.013600772084785637,-0.004824362749105582,-0.3718219160298916,0.4638198535090367,0.8356417695389283,0.4638198535090367,0.2778224482299769,0.4965888287085899
hist_gradient_boosting_block_X_plus_Y,block_X_plus_block_Y,464,464,464,,,raw_descriptor_features,0.6929753560233225,0.49908370612117003,0.7627361132061697,0.7627361132061697,0.6921469489129238,0.037942307354745734,0.49908474341349207,0.762314854097275,nonparametric_reference_on_raw_descriptors,0.1243774154302405,-0.1625659495873253,0.04812188497910525,0.9911496893123841,-0.010258038844497884,-0.005885369461709811,-0.3750939865316707,0.4619336091619861,0.8370275956936568,0.4619336091619861,0.2784084755019268,0.49928560205035694
random_forest_block_X_plus_Y,block_X_plus_block_Y,464,464,464,,,raw_descriptor_features,0.7071179519352887,0.5297293152161857,0.7529528852590254,0.7529528852590254,0.7066030620029944,0.03051322242156986,0.5297406353766547,0.7524600116634996,nonparametric_reference_on_raw_descriptors,0.11459418748309613,-0.14842335367535908,-0.6680227204699672,1.099394990001942,-0.012185055450141055,-0.012650461849080585,-0.5326745728863745,0.6109194720850266,1.143594044971401,0.6109194720850266,0.3747239313714067,0.5301113571337709
random_forest_primary_descriptors,primary_full_constant_removed,504,504,504,,,raw_descriptor_features,0.7080848014225637,0.5306453831855402,0.7522768433862027,0.7522768433862027,0.7073591315774607,0.03621785271645767,0.5306578759375759,0.7518095859890439,nonparametric_reference_on_raw_descriptors,0.11391814561027347,-0.1474565041880841,-0.6708662987926779,1.099492491894688,-0.01418618951142543,-0.021689539235751898,-0.5296817284064664,0.6129152597573753,1.1425969881638416,0.6129152597573753,0.3760404723477147,0.5310321285281672
hist_gradient_boosting_on_PLS_scores,PLS_scores_foldwise,20,20,504,20.0,20.0,foldwise_PLS_score_features,0.7521457589560315,0.5547349805860107,0.7204882417155256,0.7204882417155256,0.7515735002003764,0.032661890000626304,0.5547325212214045,0.7196192194830411,nonparametric_on_PLS_scores,0.08212954393959637,-0.10339554665461625,0.2016760352379668,0.9685916201794893,-0.005351141143657389,-0.0018185430666735058,-0.3813264126359482,0.5129332229945657,0.8942596356305139,0.5129332229945657,0.3192774695383364,0.5548699365870486
rbf_svr_on_PLS_scores,PLS_scores_foldwise,20,20,504,20.0,20.0,foldwise_PLS_score_features,0.7611284468983274,0.5589298694887987,0.7137720976699597,0.7137720976699597,0.7599820854483565,0.04677908337120932,0.5589307184255861,0.7129066813506894,nonparametric_on_PLS_scores,0.07541339989403051,-0.09441285871232041,0.3201127207843635,0.9458341069385588,-0.03872763161523488,-0.00927700640032647,-0.452247147665461,0.4269429489065733,0.8791900965720343,0.452247147665461,0.3037100143833482,0.5590165230911485
random_forest_on_PLS_scores,PLS_scores_foldwise,20,20,504,20.0,20.0,foldwise_PLS_score_features,0.7613454559922628,0.5847241783207111,0.7136088586980888,0.7136088586980888,0.7609711377257439,0.026663719635506587,0.5847271587465765,0.7130038642595071,nonparametric_on_PLS_scores,0.07525016092215953,-0.09419584961838501,-0.9371697581600325,1.141810092206274,-0.002796099878041327,-0.025560532165078254,-0.6262066286604104,0.7169509770324023,1.3431576056928127,0.7169509770324023,0.44289525437795546,0.5852301627495539
hist_gradient_boosting_on_PCA_scores,PCA_scores_foldwise,20,20,504,20.0,20.0,foldwise_PCA_score_features,0.7756001759094644,0.5817755890422981,0.7027842238856192,0.7027842238856192,0.7748435363542734,0.038480614924381,0.5817818579455649,0.7021476192732685,models_on_PCA_scores,0.06442552610968999,-0.07994112970118339,0.09318604807322499,0.9846342544477832,-0.0081395424882819,0.0026104836246356733,-0.4610570139369078,0.5701728619187214,1.031229875855629,0.5701728619187214,0.3481845915575411,0.5820196759189795
random_forest_on_PCA_scores,PCA_scores_foldwise,20,20,504,20.0,20.0,foldwise_PCA_score_features,0.793930875473159,0.611698458268625,0.6885692845140219,0.6885692845140219,0.7933064967077643,0.03556391490694052,0.6117062640366797,0.6880055227337125,models_on_PCA_scores,0.050210586738092644,-0.06161043013748879,-1.0728820273109918,1.1618362291206341,-0.006033986859730251,-0.01897818752335656,-0.6917077773665384,0.7785980382804238,1.4703058156469622,0.7785980382804238,0.472101051243599,0.6122870694684803
ridge_on_PLS_scores,PLS_scores_foldwise,20,20,504,20.0,20.0,foldwise_PLS_score_features,0.8546476536668779,0.6409087100521635,0.6391138048915587,0.6391138048915587,0.8536354480760199,0.04616237868680275,0.640906099652171,0.6386648638861114,linear_on_PLS_scores,0.0007551071156294276,-0.0008936519437698909,0.5046836678760921,0.9236698721518244,0.002127275845076643,0.022603466105927783,-0.42432716760510525,0.6396554408526466,1.063982608457752,0.6396554408526466,0.38881806952824205,0.6412422592189524
linear_PLS_from_03,primary_full_constant_removed,504,504,504,20.0,20.0,raw_descriptors_to_linear_PLS_components,0.8555413056106478,0.6410783646229719,0.6383586977759292,0.6383586977759292,0.8545066264410043,0.04669634325033938,0.64107572482097,0.6379079424042083,linear_PLS_baseline,0.0,0.0,0.5429481658151328,0.9178599972458185,0.0021407534902470327,0.022083573135353203,-0.4149100269516689,0.6304442874203443,1.0453543143720132,0.6304442874203443,0.38397854713050794,0.6414004259307217
tuned_spline_ridge_on_PLS_scores,PLS_scores_foldwise_top8_spline_tuned,8,8,504,8.0,8.0,foldwise_PLS_score_features,0.8567267873145246,0.6624881389330078,0.6373557861177629,0.6373557861177629,0.856006187289946,0.03922644255213447,0.6624902839738575,0.6364209420226201,constrained_nonlinear_on_PLS_scores,-0.00100291165816635,0.0011854817038767784,0.20371064399732222,0.9691900615213019,0.0008181470221172175,0.014526430313524408,-0.46997445933101356,0.7350744385510106,1.2050488978820242,0.7350744385510106,0.4245934785805903,0.6628830827402468
quadratic_ridge_on_PLS_scores,PLS_scores_foldwise_top8_quadratic,8,8,504,8.0,8.0,foldwise_PLS_score_features,0.9747540914662675,0.6575692579378987,0.5305534046828564,0.5305534046828564,0.9527478608826787,0.22989447493432785,0.6575576183517227,0.5316549559420795,constrained_nonlinear_on_PLS_scores,-0.10780529309307285,0.11921278585561967,1.0913328827843933,0.8332890622151531,-0.007973243956838997,-0.010198314748459225,-0.49286574020721474,0.6837305417082276,1.1765962819154423,0.6837305417082276,0.4245239619563831,0.6579398598567343
ridge_on_PCA_scores,PCA_scores_foldwise,20,20,504,20.0,20.0,foldwise_PCA_score_features,0.9928749622757044,0.7787984075533932,0.5129369564932975,0.5129369564932975,0.9920619686156152,0.04513294321068199,0.7788075147957004,0.5121810367599091,models_on_PCA_scores,-0.12542174128263173,0.1373336566650566,0.05770657346601432,0.9904415927993868,-0.005296795360637918,-0.02109477855866393,-0.7167283158155392,1.0896804715959956,1.8064087874115349,1.0896804715959956,0.578203538130966,0.7797291121566874
spline_ridge_on_PCA_scores,PCA_scores_foldwise_top8_spline,8,8,504,8.0,8.0,foldwise_PCA_score_features,1.0354008043137586,0.8249699378430377,0.47032063269124613,0.47032063269124613,1.0346389052903766,0.04516138094062557,0.8249950742443873,0.4693458279911157,models_on_PCA_scores,-0.1680380650846831,0.1798594987031108,-0.9174181047849911,1.1398011458876105,0.002919713643503003,-0.048802006097627526,-0.8985467840724782,1.2872888114663277,2.185835595538806,1.2872888114663277,0.6814864910810617,0.8262893128055403
kernel_ridge_rbf_on_PLS_scores,PLS_scores_foldwise,20,20,504,20.0,20.0,foldwise_PLS_score_features,1.1455709201620838,0.7883274529001858,0.3516044560443118,0.3516044560443118,1.1380489420621036,0.1462358389062697,0.7883136813366438,0.3510589537835397,nonparametric_on_PLS_scores,-0.28675424173161745,0.29002961455143605,2.3435871890343276,0.6715418460168632,0.2685238703146395,0.15969633600783872,-0.013303060522431605,0.8122254920305749,0.8255285525530065,0.8122254920305749,0.3204859665460735,0.7886709735894921
