dataset_name,n_components,fold,rmse,mae,r2
block_X_only,1,1,1.0676681315931542,0.8305140626492382,0.4373663665196157
block_X_only,1,2,1.0709911286999918,0.8668269606914463,0.44457523748624883
block_X_only,1,3,0.9919737015735715,0.8023973096860025,0.524292227618862
block_X_only,1,4,0.992840428454917,0.7934482249998399,0.48941926750047093
block_X_only,1,5,1.0658717039816468,0.851409485185694,0.435584871262071
block_X_only,2,1,1.0211650663277054,0.7923183708729985,0.48531083100135863
block_X_only,2,2,0.9923036184403413,0.7720795170924244,0.5231929797548731
block_X_only,2,3,0.9301157490800978,0.7446725870690004,0.5817712093465619
block_X_only,2,4,0.9282193653144131,0.7218343936144653,0.5537206775841045
block_X_only,2,5,0.9957534407515023,0.7902854110134193,0.5074022637768922
block_X_only,3,1,0.9929298170746994,0.785669978368353,0.5133796850684429
block_X_only,3,2,1.0220048776527186,0.7416374123854445,0.49422259002860613
block_X_only,3,3,0.9015932966804385,0.7216315730880614,0.6070282977383017
block_X_only,3,4,0.903223775056775,0.6942163076257113,0.5774323590511581
block_X_only,3,5,0.9687547679964642,0.7672127974525597,0.533752532159404
block_X_only,4,1,0.9695600165493897,0.7648575909147473,0.5360165120559937
block_X_only,4,2,0.9164793929637902,0.7033107618670336,0.5932768432233633
block_X_only,4,3,0.8714657621167661,0.688020893203712,0.6328524887327909
block_X_only,4,4,0.9026496284284458,0.691171755086604,0.5779694101827986
block_X_only,4,5,0.9554667161012131,0.747674340947204,0.5464554987236447
block_X_only,5,1,0.9284933133447347,0.7307773983711856,0.5744890981947188
block_X_only,5,2,0.9410414161835213,0.71666879168316,0.5711840149732805
block_X_only,5,3,0.8686282029315235,0.6735152117416864,0.6352395169864653
block_X_only,5,4,0.9057373796150908,0.7002731733585077,0.5750771377980373
block_X_only,5,5,0.9229011711714248,0.7210523768399592,0.576845294727043
block_X_only,6,1,0.9339303181094398,0.7242791724089844,0.5694911549780934
block_X_only,6,2,0.9338929599001335,0.7079892822150591,0.5776741215469318
block_X_only,6,3,0.8510406347867556,0.653270809725569,0.6498609703901106
block_X_only,6,4,0.8777502898337103,0.6809145709201341,0.6009314725446986
block_X_only,6,5,0.9119395277077919,0.7135339216323482,0.5868375338160685
block_X_only,7,1,0.9360612000561919,0.718687023442973,0.567524391399897
block_X_only,7,2,1.0205924475389048,0.7158993723560628,0.4956196119416624
block_X_only,7,3,0.84977671468453,0.6449561667631466,0.6509002136785587
block_X_only,7,4,0.8534887520041188,0.6612798895013333,0.6226875641246701
block_X_only,7,5,0.8995397289727085,0.700153776408108,0.597996829407584
block_X_only,8,1,0.9397275718012653,0.7254160291452675,0.5641299090115615
block_X_only,8,2,1.0250487631021168,0.7275786612511788,0.49120534195509935
block_X_only,8,3,0.8415661752704364,0.6389921807486763,0.657613625396404
block_X_only,8,4,0.8416767539956997,0.6509280267551174,0.633059050162868
block_X_only,8,5,0.8769592903355587,0.6835006363439297,0.6179258578192455
block_X_only,9,1,0.9440708732560836,0.7211380549248022,0.5600915257051253
block_X_only,9,2,1.0644036833136288,0.7324372935639107,0.451386830666757
block_X_only,9,3,0.823625208173936,0.6253120507289192,0.6720563767542357
block_X_only,9,4,0.840413791998117,0.65192512436692,0.6341594364463736
block_X_only,9,5,0.8716373782841417,0.6830021102085339,0.6225490944241239
block_X_only,10,1,0.9371307240641659,0.7126930659919843,0.566535551584182
block_X_only,10,2,1.0568552088749674,0.7262461833819451,0.4591404835700831
block_X_only,10,3,0.8145670831573155,0.6223372917222706,0.6792300752266323
block_X_only,10,4,0.8419973329742139,0.6525073918876612,0.6327794750016702
block_X_only,10,5,0.8746868353296307,0.6850035572194866,0.619903421357324
block_X_only,11,1,0.9149601453161377,0.6984080968137087,0.5868026908341737
block_X_only,11,2,1.0764619828634137,0.7273701050835264,0.4388862848369147
block_X_only,11,3,0.8144465899866975,0.6233749525256502,0.6793249666785939
block_X_only,11,4,0.8527073088338014,0.6586911458225081,0.6233781725147709
block_X_only,11,5,0.8784263768796063,0.6910747263156671,0.6166464262514996
block_X_only,12,1,0.930326786646518,0.7115102929946375,0.5728069467968742
block_X_only,12,2,1.0411897857366588,0.7173640293448589,0.4750556219454205
block_X_only,12,3,0.8181903908656437,0.6262428777159414,0.6763700699899173
block_X_only,12,4,0.8519251929123495,0.6542076542755054,0.6240687420367753
block_X_only,12,5,0.8776060773156087,0.6856182190056076,0.6173620649199132
block_X_only,13,1,0.9232316689635265,0.7060926792849384,0.579298057571132
block_X_only,13,2,1.0260466448523289,0.7099305893980099,0.4902142397703868
block_X_only,13,3,0.8212657725278152,0.6276234808449802,0.6739326029084457
block_X_only,13,4,0.8483853519143943,0.6526111176402531,0.6271863214036452
block_X_only,13,5,0.8803995697746724,0.6878219508059485,0.614922251873514
block_X_only,14,1,0.9209620584911831,0.7050530293042803,0.5813639656677978
block_X_only,14,2,1.0102133773387985,0.7011644830445796,0.5058261942184288
block_X_only,14,3,0.825212766710138,0.6276308523154406,0.6707909189785448
block_X_only,14,4,0.8455500436123193,0.6496020521619968,0.6296740479920011
block_X_only,14,5,0.8795608186037736,0.6863555323553595,0.6156556246978437
block_X_only,15,1,0.9239292310523691,0.7045437369768285,0.5786620815709286
block_X_only,15,2,0.9847507083227591,0.6946965776167735,0.5304237807783873
block_X_only,15,3,0.8294272713227224,0.6263165979726936,0.6674196764856232
block_X_only,15,4,0.8389479000193708,0.647085606629487,0.6354345584090373
block_X_only,15,5,0.8742692943404835,0.679851754944385,0.6202662209675178
block_X_only,16,1,0.9250202816208789,0.7058516378311802,0.5776663940527187
block_X_only,16,2,0.9686645814232632,0.6926639621636258,0.545639748005312
block_X_only,16,3,0.8258544126929497,0.621808787264495,0.6702787654679585
block_X_only,16,4,0.8311946914503469,0.6425011176293579,0.6421417472473343
block_X_only,16,5,0.8772531841048709,0.6813705403401901,0.6176697272857553
block_X_only,17,1,0.9213410464926175,0.7046445836124352,0.5810193463049241
block_X_only,17,2,0.9502676478140667,0.6838372854085504,0.5627343332878132
block_X_only,17,3,0.8267977944172369,0.6216803155023516,0.6695250475209535
block_X_only,17,4,0.8323420910509577,0.642302228026206,0.6411530743753455
block_X_only,17,5,0.8672845457996745,0.6744056469781381,0.6263095530709468
block_X_only,18,1,0.9222932113353185,0.7042897190677465,0.5801529032165977
block_X_only,18,2,0.9347841915789674,0.6816107120681862,0.5768676698100093
block_X_only,18,3,0.8285494384665184,0.6247879420141688,0.6681232835438742
block_X_only,18,4,0.8262080931845656,0.6390654654464788,0.6464226756184763
block_X_only,18,5,0.870103396529837,0.6780280469401124,0.6238764659377134
block_X_only,19,1,0.9223606137445602,0.7062850090945417,0.5800915350106044
block_X_only,19,2,0.9274511211091498,0.6782594316089735,0.5834802950020008
block_X_only,19,3,0.832017974234721,0.6296474766720952,0.6653388130617754
block_X_only,19,4,0.8190187598166899,0.635031671891865,0.6525492812669789
block_X_only,19,5,0.867918543338518,0.6778957776790192,0.6257630071412807
block_X_only,20,1,0.9253759791985985,0.7104840428502528,0.577341532152488
block_X_only,20,2,0.9166107010564547,0.678505062284729,0.5931602887907599
block_X_only,20,3,0.8360624410277915,0.63135984518656,0.6620773070200685
block_X_only,20,4,0.8107529364885693,0.6289982321256822,0.6595270794647542
block_X_only,20,5,0.8718586345899598,0.6788673713946918,0.6223574459368283
block_X_only,21,1,0.9298846509735418,0.7124052313018925,0.5732128953496408
block_X_only,21,2,0.9184154477788647,0.6813979140031247,0.5915566298492958
block_X_only,21,3,0.8360736678571786,0.63259302294013,0.6620682315594187
block_X_only,21,4,0.8081566341973204,0.6332389725369657,0.6617042044532842
block_X_only,21,5,0.8705006301647995,0.6767510045095027,0.6235329595808572
block_X_only,22,1,0.9310844667262012,0.7142047964662281,0.5721108312473969
block_X_only,22,2,0.9160411813046059,0.6831334833932073,0.5936656969618768
block_X_only,22,3,0.8330442014064424,0.6316482923455956,0.6645127486838274
block_X_only,22,4,0.801923544550654,0.6290310663131382,0.6669024452351433
block_X_only,22,5,0.867275064958934,0.6720535100498396,0.6263177231237074
block_X_only,23,1,0.937218203468388,0.7178076108222885,0.566454621612367
block_X_only,23,2,0.9046845113589801,0.6801636731059152,0.6036783465158394
block_X_only,23,3,0.8296150064026744,0.6280761631380839,0.6672691049723065
block_X_only,23,4,0.7991633571391855,0.6300109779690359,0.6691915147988345
block_X_only,23,5,0.8632646163036408,0.6657182093325301,0.6297656917292054
block_X_only,24,1,0.9383362033467426,0.7181898306143314,0.5654196592567098
block_X_only,24,2,0.9117506902034411,0.6877932630098773,0.5974631047628342
block_X_only,24,3,0.826309210667063,0.6267868505264164,0.6699155105462358
block_X_only,24,4,0.7948818903331335,0.6307741929942858,0.6727265906888362
block_X_only,24,5,0.8540986713591754,0.6632677506650893,0.6375860779016996
block_X_only,25,1,0.9416607878851689,0.7226506817578838,0.5623347125528371
block_X_only,25,2,0.9190942268730576,0.6961222320057633,0.5909526651113544
block_X_only,25,3,0.8245314013717101,0.6249176542646232,0.671334340167908
block_X_only,25,4,0.7920153608779762,0.6274323165955694,0.6750827829868566
block_X_only,25,5,0.8523218148793748,0.6620228529075585,0.6390924323938039
block_X_only,26,1,0.9446858269403073,0.7255089352036377,0.5595182394146825
block_X_only,26,2,0.9086682672428458,0.6897962585530946,0.6001802763935864
block_X_only,26,3,0.8269549438964873,0.6263930585564395,0.6693994088156175
block_X_only,26,4,0.7927723203302168,0.630290252505121,0.6744614145076842
block_X_only,26,5,0.8515967920604084,0.6650601333662313,0.6397061792791391
block_X_only,27,1,0.9432980476757359,0.7255282897049782,0.5608114576067876
block_X_only,27,2,0.904607193914131,0.6882571431462311,0.6037460856399011
block_X_only,27,3,0.8235906361713513,0.6225729487475121,0.6720839073099457
block_X_only,27,4,0.7930802951110845,0.6293162202810307,0.6742084360776331
block_X_only,27,5,0.8538120519180382,0.6694312925348778,0.6378292756727959
block_X_only,28,1,0.9428586950846918,0.7227215794253048,0.5612204771910311
block_X_only,28,2,0.908668513902348,0.686734478068843,0.6001800593301079
block_X_only,28,3,0.8234080370918426,0.6244666308923574,0.6722292963815022
block_X_only,28,4,0.7954482990944461,0.6312535409327493,0.6722600142745409
block_X_only,28,5,0.8485466692725611,0.6646177432533066,0.6422824510370073
block_X_only,29,1,0.9457053632711708,0.7262863420804367,0.5585669612646852
block_X_only,29,2,0.9104787240740948,0.6863805848234178,0.5985854645307455
block_X_only,29,3,0.8215375221173356,0.6244610932043075,0.6737167815648681
block_X_only,29,4,0.7915459460457105,0.6285669460146414,0.6754678153235751
block_X_only,29,5,0.8477219532487609,0.6631388520419393,0.6429774558970147
block_X_only,30,1,0.9459471688823743,0.7261664869774308,0.5583411940520142
block_X_only,30,2,0.9184407030739571,0.6924265163347666,0.5915341661599135
block_X_only,30,3,0.8202054350245251,0.623261227637101,0.6747740316093838
block_X_only,30,4,0.7903619646864452,0.6252785124201159,0.6764379489944994
block_X_only,30,5,0.8517521663923716,0.6670013271920296,0.6395746956496648
block_Y_only,1,1,1.2354585170678396,0.9938914772777844,0.24662801596023587
block_Y_only,1,2,1.3449838628169346,1.0780410216136835,0.12403321586469795
block_Y_only,1,3,1.2300764081510578,1.0069103009760223,0.26851721740676904
block_Y_only,1,4,1.2011412449250911,0.9924832410559129,0.2527022484395347
block_Y_only,1,5,1.2275249521493912,0.9980380662508249,0.2514006634023356
block_Y_only,2,1,1.0887991030104212,0.849051614708659,0.4148750199893749
block_Y_only,2,2,1.1690954250025083,0.9189555020936931,0.3381593877669933
block_Y_only,2,3,1.0797087357080009,0.871873782012988,0.4364231305505799
block_Y_only,2,4,1.0767064348621274,0.8719955070140575,0.3995178077589464
block_Y_only,2,5,1.1204749418683104,0.8970409682265456,0.3762751070903918
block_Y_only,3,1,1.0628681238037676,0.8292063319167883,0.4424139557100334
block_Y_only,3,2,1.2033403050276767,0.9030092405924972,0.2988185507104616
block_Y_only,3,3,1.0029602939045106,0.79813686932479,0.5136964832756703
block_Y_only,3,4,0.9908398650125231,0.7831168955603897,0.4914748244937648
block_Y_only,3,5,1.0542777478056002,0.8375675652992242,0.4477968744931824
block_Y_only,4,1,1.0436758174723613,0.8126055919527277,0.4623689138010528
block_Y_only,4,2,1.1246335321086387,0.8767576651922052,0.38754307763374385
block_Y_only,4,3,0.9857173694144497,0.7899911383221536,0.5302738388186903
block_Y_only,4,4,0.9718750167225245,0.7643274384975844,0.5107550497557874
block_Y_only,4,5,1.0074444025471065,0.8031108420301557,0.49576735813848427
block_Y_only,5,1,1.025838416007153,0.7915208905171773,0.4805891136078577
block_Y_only,5,2,1.1064608984282505,0.8418366331508362,0.4071761973789165
block_Y_only,5,3,0.9679863659071848,0.776234082537995,0.5470206433979559
block_Y_only,5,4,0.9585172288111673,0.7468681920394284,0.5241113330896444
block_Y_only,5,5,0.9679924284462447,0.7650287758487201,0.5344860491327093
block_Y_only,6,1,1.032264314208089,0.8022305734924223,0.47406150629272903
block_Y_only,6,2,1.0882982560102794,0.8087378939207868,0.4264789565802516
block_Y_only,6,3,0.9310249796879524,0.7422330280561881,0.5809531342159855
block_Y_only,6,4,0.9572949419342833,0.7316330172299633,0.5253242515118033
block_Y_only,6,5,0.9617515239066728,0.7557377396854761,0.5404692834122979
block_Y_only,7,1,1.0212078952035157,0.786291960585272,0.4852676567458083
block_Y_only,7,2,1.089354494031002,0.8073548749606498,0.42536516503829425
block_Y_only,7,3,0.9144975583893048,0.7237503215542405,0.595698799823827
block_Y_only,7,4,0.955128390914432,0.7307309348987856,0.5274703935909293
block_Y_only,7,5,0.9607072876558101,0.7562056400262376,0.5414666265177535
block_Y_only,8,1,0.9918247447663971,0.7743665394604288,0.5144622417266884
block_Y_only,8,2,1.1201192776698545,0.8072206337424519,0.39244998713893187
block_Y_only,8,3,0.9259418503980317,0.7416450959076777,0.5855163944071747
block_Y_only,8,4,0.945381726671443,0.7167737012697677,0.5370651003702759
block_Y_only,8,5,0.932758338287317,0.7357325573038727,0.5677579042180838
block_Y_only,9,1,0.9864914319372097,0.7738035147297546,0.5196699409247043
block_Y_only,9,2,1.0736314279405066,0.7936916831615412,0.441833300238038
block_Y_only,9,3,0.9184800285382125,0.7344718090715363,0.5921698164382054
block_Y_only,9,4,0.9332914889443567,0.7057762195374091,0.548830091373868
block_Y_only,9,5,0.9229195788809204,0.7171280527163276,0.5768284145088561
block_Y_only,10,1,0.9904177051379084,0.776257305428574,0.5158388685647786
block_Y_only,10,2,1.0558919538510403,0.7902082333121595,0.46012595105842424
block_Y_only,10,3,0.9055033737533531,0.7166691978879244,0.603612386055043
block_Y_only,10,4,0.9192527175542795,0.6963840861639908,0.5623011956387105
block_Y_only,10,5,0.9143338172009288,0.7126281259509479,0.5846651767027783
block_Y_only,11,1,0.9851464787222309,0.7731078589266797,0.520978783663807
block_Y_only,11,2,1.0151554759626245,0.7654069588570391,0.5009792387915228
block_Y_only,11,3,0.9049803672003379,0.7172354866447639,0.604070150111907
block_Y_only,11,4,0.9185952284921863,0.7030702718496099,0.5629270937269578
block_Y_only,11,5,0.91407362622322,0.7170807687852958,0.5849015258250625
block_Y_only,12,1,0.971055669085058,0.7625951369876489,0.5345839172262223
block_Y_only,12,2,1.003586202454467,0.7581050024875708,0.5122886586867743
block_Y_only,12,3,0.9002726325628696,0.7132385454991687,0.6081787133896746
block_Y_only,12,4,0.8927659639202337,0.6825939781036963,0.5871609548741894
block_Y_only,12,5,0.9077968452762442,0.710757129241886,0.5905827673093774
block_Y_only,13,1,0.9763589438084216,0.7637085446605559,0.5294864354681893
block_Y_only,13,2,0.9945785026616347,0.7605890447308981,0.5210042865414128
block_Y_only,13,3,0.8820985217431,0.6955520463657203,0.6238386949682955
block_Y_only,13,4,0.8966317483625587,0.6881437568899078,0.583577928317241
block_Y_only,13,5,0.9015614480652382,0.7062446664230566,0.5961877913531406
block_Y_only,14,1,0.967346388345053,0.7613473076495151,0.5381327594940656
block_Y_only,14,2,0.9768614608743258,0.7517234887640935,0.5379175828149271
block_Y_only,14,3,0.880950770784646,0.6968493711470585,0.6248169499063827
block_Y_only,14,4,0.8956591103251343,0.6834553666746198,0.5844808815451756
block_Y_only,14,5,0.8940931592417037,0.7023450692663523,0.6028502218206993
block_Y_only,15,1,0.9588934986900056,0.7543718319120449,0.5461692919285321
block_Y_only,15,2,0.984668053814502,0.7485588579853094,0.5305026047128192
block_Y_only,15,3,0.8785824062596155,0.6943350534132547,0.6268315364900083
block_Y_only,15,4,0.8839269122476534,0.6739359357815171,0.5952953178754814
block_Y_only,15,5,0.8955895072782863,0.7053791779025362,0.6015197752753896
block_Y_only,16,1,0.9594859230442031,0.7510455654937112,0.5456083465925274
block_Y_only,16,2,0.9906793498899196,0.7497981656560571,0.5247526411069888
block_Y_only,16,3,0.8738855534462758,0.6880057807854435,0.6308107474789131
block_Y_only,16,4,0.8820311887571214,0.6720606804120864,0.5970293650264986
block_Y_only,16,5,0.8858373169342847,0.6966375534918227,0.6101507319578403
block_Y_only,17,1,0.9595204066052043,0.7487738702035369,0.5455756846774495
block_Y_only,17,2,0.9832136394722039,0.7389921610923383,0.5318885325733871
block_Y_only,17,3,0.8824993450420632,0.6919983992006953,0.6234967638410676
block_Y_only,17,4,0.8658126081828655,0.6601036881367077,0.6117125738628103
block_Y_only,17,5,0.8923292830288237,0.697290102412701,0.60441567848458
block_Y_only,18,1,0.9553953578620034,0.7483685824815981,0.5494744930467926
block_Y_only,18,2,0.9703663244651857,0.7359424715689765,0.5440419119902654
block_Y_only,18,3,0.888543263385866,0.6977286715699194,0.6183220358286894
block_Y_only,18,4,0.8658452040304375,0.6606983720053579,0.6116833370605693
block_Y_only,18,5,0.8870145076681505,0.6896942125467683,0.6091139007664501
block_Y_only,19,1,0.9489593044510811,0.7397565384027657,0.5555240086820513
block_Y_only,19,2,0.9640047522143045,0.7298831404088028,0.550000697389094
block_Y_only,19,3,0.8827489771296515,0.6960296882090058,0.6232837312027553
block_Y_only,19,4,0.8652615958521596,0.6584899037626607,0.6122066370752055
block_Y_only,19,5,0.8854753280905027,0.689219202679459,0.6104692831166316
block_Y_only,20,1,0.9440146321556088,0.7361408514507815,0.5601439374476287
block_Y_only,20,2,0.9488936066485029,0.722019877464758,0.5639979491725063
block_Y_only,20,3,0.8838280607929674,0.6948219534241423,0.6223621626879811
block_Y_only,20,4,0.871448397769424,0.6631665656337867,0.6066412031601728
block_Y_only,20,5,0.8800296262803523,0.6835204271918512,0.6152458028665675
block_Y_only,21,1,0.9408593470840565,0.7341135658566764,0.5630793831544616
block_Y_only,21,2,0.9323797112665185,0.7140451466536613,0.5790416578938338
block_Y_only,21,3,0.8682009889643194,0.6803393868389906,0.6355982261595866
block_Y_only,21,4,0.872356935071074,0.6640659510012862,0.6058205752574092
block_Y_only,21,5,0.882224358508555,0.6814348564833927,0.6133243097967853
block_Y_only,22,1,0.9366783112743381,0.7314267157112612,0.5669539724494906
block_Y_only,22,2,0.9236480856408689,0.7051601306146813,0.5868891895088069
block_Y_only,22,3,0.8695246476816011,0.6826345117189836,0.6344862456826114
block_Y_only,22,4,0.876570259989005,0.6663884020316351,0.6020037506973759
block_Y_only,22,5,0.8846740040159466,0.6830855931953022,0.6111739873433824
block_Y_only,23,1,0.9354605373027096,0.7315590040778244,0.5680792453839913
block_Y_only,23,2,0.9269586823812456,0.7086487807070678,0.5839224875367248
block_Y_only,23,3,0.8694911323604917,0.6808105894207643,0.6345144221691271
block_Y_only,23,4,0.8728815245765073,0.6636323026926073,0.6053463552330594
block_Y_only,23,5,0.8817878056955024,0.6809586614642263,0.6137068940992317
block_Y_only,24,1,0.9352625767842454,0.7306761483104781,0.5682620306669306
block_Y_only,24,2,0.9400450558682459,0.7123423629619567,0.5720915819241675
block_Y_only,24,3,0.8711130752594464,0.6848370471974672,0.6331496017239959
block_Y_only,24,4,0.871069747732471,0.6636126979282919,0.6069829628432041
block_Y_only,24,5,0.8788499753971527,0.679380748356181,0.616276612312552
block_Y_only,25,1,0.9352340378412602,0.7295645329320071,0.5682883786842856
block_Y_only,25,2,0.9512271807103121,0.7181654472229272,0.5618508293120466
block_Y_only,25,3,0.872795028766486,0.6836134112920615,0.6317315975390361
block_Y_only,25,4,0.8685202084298058,0.6616993797460546,0.6092802438299608
block_Y_only,25,5,0.8748345155410868,0.6784149780249602,0.6197750611728442
block_Y_only,26,1,0.9352216561654585,0.7272671906269309,0.568299809572673
block_Y_only,26,2,0.9653631577512571,0.7227297263866279,0.5487315911327576
block_Y_only,26,3,0.8733194427573546,0.684181420361522,0.6312889205866135
block_Y_only,26,4,0.8691142886039872,0.662306108484669,0.6087455452821346
block_Y_only,26,5,0.8719310515481126,0.675911306050019,0.6222947090212178
block_Y_only,27,1,0.9344184949626959,0.727737713081782,0.5690409728243364
block_Y_only,27,2,0.9846011209803939,0.7242826510028102,0.5305664307364232
block_Y_only,27,3,0.8766704584191551,0.6854455181642068,0.6284539279837805
block_Y_only,27,4,0.8691406727186326,0.6608569588066309,0.6087217899274875
block_Y_only,27,5,0.8720832495876811,0.6748953060848394,0.6221628384521121
block_Y_only,28,1,0.9378168370998634,0.7281302147819901,0.5659006039241776
block_Y_only,28,2,0.9995632259189868,0.7274932674063056,0.5161909019363375
block_Y_only,28,3,0.8784477969007781,0.6866409252200638,0.626945875496079
block_Y_only,28,4,0.8629517296702555,0.6537558479662023,0.6142743473479502
block_Y_only,28,5,0.8689972153855646,0.6721877445118316,0.6248322058864646
block_Y_only,29,1,0.9356667143125389,0.7297492426851402,0.5678888323419977
block_Y_only,29,2,1.0032957295255733,0.7277861783053853,0.5125709392516864
block_Y_only,29,3,0.8773071010880904,0.685640552800142,0.6279140946411674
block_Y_only,29,4,0.8682669964013097,0.6567868508810086,0.60950803477626
block_Y_only,29,5,0.8696923101001034,0.6728365461769175,0.6242317863649021
block_Y_only,30,1,0.9369656951794818,0.7299902390306575,0.566688204472508
block_Y_only,30,2,1.0026607199002906,0.7279193485355282,0.5131877547810744
block_Y_only,30,3,0.874296560807498,0.683350758926742,0.6304633903608934
block_Y_only,30,4,0.872864543350962,0.6608306814651133,0.6053617104380378
block_Y_only,30,5,0.868697777891658,0.6718401445396643,0.6250907106255772
block_X_plus_block_Y,1,1,1.123788910474127,0.882800930048532,0.37666341861508423
block_X_plus_block_Y,1,2,1.1924154915399026,0.9551624067014294,0.31149244469373605
block_X_plus_block_Y,1,3,1.0789047776661156,0.8764143491884459,0.4372621039769754
block_X_plus_block_Y,1,4,1.0701263490516435,0.8730799139891166,0.40683484543688864
block_X_plus_block_Y,1,5,1.1194366084400982,0.8991994580288438,0.37743057126690793
block_X_plus_block_Y,2,1,1.034222701600397,0.79695466356738,0.47206401720282865
block_X_plus_block_Y,2,2,1.084561343814144,0.8069750736656772,0.4304108166174029
block_X_plus_block_Y,2,3,0.9561049253608146,0.7692268181990619,0.5580724863026989
block_X_plus_block_Y,2,4,0.9577507477922689,0.7524504721459984,0.5248721202279452
block_X_plus_block_Y,2,5,1.021231871720258,0.8092431775006645,0.48187147719053924
block_X_plus_block_Y,3,1,0.986901140173213,0.7809987326550357,0.5192708780617543
block_X_plus_block_Y,3,2,0.9886818276207815,0.7557649160272608,0.5266672063420488
block_X_plus_block_Y,3,3,0.8987001485469616,0.7195503979894721,0.6095462871581363
block_X_plus_block_Y,3,4,0.9014103994258306,0.696681811700329,0.5791274088737806
block_X_plus_block_Y,3,5,0.9660527672521211,0.7679770965899965,0.5363497717514625
block_X_plus_block_Y,4,1,0.9630351984156313,0.7569393246254819,0.5422404096955522
block_X_plus_block_Y,4,2,0.9390006822568339,0.70996066725893,0.5730418512972959
block_X_plus_block_Y,4,3,0.8618420642028438,0.6809504234810341,0.6409166203989836
block_X_plus_block_Y,4,4,0.8916178748742135,0.6847386874642195,0.5882220867725405
block_X_plus_block_Y,4,5,0.9393068941253636,0.7397109924080505,0.5616673713270719
block_X_plus_block_Y,5,1,0.9256644691180611,0.7229117991336955,0.5770779599037753
block_X_plus_block_Y,5,2,0.918025577651065,0.7038690941114006,0.591903327131887
block_X_plus_block_Y,5,3,0.8584526657596614,0.6665551738802764,0.6437354278739784
block_X_plus_block_Y,5,4,0.9012749960822776,0.6933919652942504,0.5792538402438991
block_X_plus_block_Y,5,5,0.8982835611195666,0.7079473070696819,0.5991188051244052
block_X_plus_block_Y,6,1,0.9269530231822279,0.7159069190115053,0.5758996988144374
block_X_plus_block_Y,6,2,0.9039460431131088,0.7034803046380139,0.6043250946431383
block_X_plus_block_Y,6,3,0.8410860319193261,0.6486133360199076,0.6580042010864635
block_X_plus_block_Y,6,4,0.8791428661486219,0.6747779112254292,0.5996642004529158
block_X_plus_block_Y,6,5,0.8785073906029433,0.6860689095304672,0.6165757126816257
block_X_plus_block_Y,7,1,0.9325312986726745,0.711861723288922,0.5707799858843431
block_X_plus_block_Y,7,2,0.9501662108045267,0.7013536221793009,0.5628276807870336
block_X_plus_block_Y,7,3,0.8315908189264711,0.6365576900092914,0.6656823527718998
block_X_plus_block_Y,7,4,0.8696109349200168,0.669940610028537,0.608298260947311
block_X_plus_block_Y,7,5,0.8762842628984125,0.6798351228197309,0.6185138241485462
block_X_plus_block_Y,8,1,0.9292012003000291,0.720086446819328,0.5738400284908967
block_X_plus_block_Y,8,2,0.9689018471443237,0.7103249325654398,0.5454171377897536
block_X_plus_block_Y,8,3,0.8235529739600929,0.6350406175054791,0.6721138973614013
block_X_plus_block_Y,8,4,0.8554350672559135,0.6558717275532525,0.6209647381758224
block_X_plus_block_Y,8,5,0.8568216445520979,0.6660768900369631,0.6352715526185397
block_X_plus_block_Y,9,1,0.9272763421381547,0.7119433094476849,0.5756037969150734
block_X_plus_block_Y,9,2,0.9830889410255921,0.7125178986711965,0.5320072637806283
block_X_plus_block_Y,9,3,0.8116895078577828,0.6260847822604918,0.6814924038828295
block_X_plus_block_Y,9,4,0.850457782154009,0.6468610383388836,0.6253626830588417
block_X_plus_block_Y,9,5,0.8345401783886125,0.652816688376883,0.6539942780565946
block_X_plus_block_Y,10,1,0.9253512856105431,0.7026726999474453,0.5773640890700503
block_X_plus_block_Y,10,2,1.002530608336202,0.7033528068934736,0.5133140902237496
block_X_plus_block_Y,10,3,0.802458169983926,0.6230478326434044,0.6886959749052273
block_X_plus_block_Y,10,4,0.8417798537587303,0.6378636006420465,0.6329691490414482
block_X_plus_block_Y,10,5,0.8390018500260726,0.6531953832315337,0.6502847128604221
block_X_plus_block_Y,11,1,0.9084282277261089,0.6882032652613647,0.5926812786267681
block_X_plus_block_Y,11,2,1.0085637213252794,0.7008978211406878,0.5074388261499488
block_X_plus_block_Y,11,3,0.8047971725612625,0.6227709938371006,0.686878554045804
block_X_plus_block_Y,11,4,0.8381650271173425,0.6328637967252354,0.6361146369677408
block_X_plus_block_Y,11,5,0.8388842089656571,0.6566270193552015,0.650382776989666
block_X_plus_block_Y,12,1,0.9123569742453872,0.69072374996894,0.5891505376748778
block_X_plus_block_Y,12,2,0.98090464856594,0.6851617098500062,0.5340845882822289
block_X_plus_block_Y,12,3,0.8128270674898282,0.6267691954773726,0.6805990197208773
block_X_plus_block_Y,12,4,0.8390776491308745,0.6276908864514855,0.6353217845408992
block_X_plus_block_Y,12,5,0.8312219194173263,0.6505403957349157,0.6567403507744127
block_X_plus_block_Y,13,1,0.9028454457213716,0.6847171633027643,0.5976722821356704
block_X_plus_block_Y,13,2,0.9516898527057261,0.6723377979263722,0.561424498660386
block_X_plus_block_Y,13,3,0.8040023963682259,0.6213985569619193,0.6874966938650662
block_X_plus_block_Y,13,4,0.8419695651838481,0.6246571907338757,0.6328036953501622
block_X_plus_block_Y,13,5,0.8343092211657972,0.6501735709701426,0.6541857642543287
block_X_plus_block_Y,14,1,0.8877219327072493,0.6719486606745926,0.6110381290574669
block_X_plus_block_Y,14,2,0.9219198522833633,0.6641042412792281,0.5884336823913452
block_X_plus_block_Y,14,3,0.8068438267060113,0.6265358085708308,0.6852839506069366
block_X_plus_block_Y,14,4,0.8397127918000218,0.6245618256052602,0.634769486766841
block_X_plus_block_Y,14,5,0.8320258100214959,0.642413516257069,0.6560760837830634
block_X_plus_block_Y,15,1,0.8906579488924147,0.6739949293936277,0.6084610003276365
block_X_plus_block_Y,15,2,0.886239151266972,0.652699136119002,0.6196745788622977
block_X_plus_block_Y,15,3,0.8105881428520995,0.6239718767844517,0.6823561704462368
block_X_plus_block_Y,15,4,0.8311013950802141,0.6222370516608905,0.6422220774097234
block_X_plus_block_Y,15,5,0.8333496063794251,0.6474838394953212,0.6549808114647084
block_X_plus_block_Y,16,1,0.8884796538072757,0.6765189214614187,0.6103738435690564
block_X_plus_block_Y,16,2,0.8826261815195252,0.6468959079716521,0.6227692363336854
block_X_plus_block_Y,16,3,0.8165192262661004,0.6298389663156053,0.6776907566006711
block_X_plus_block_Y,16,4,0.8215620436675234,0.6180219780460422,0.6503880662597147
block_X_plus_block_Y,16,5,0.8297908444740385,0.6413151445463395,0.6579212806988165
block_X_plus_block_Y,17,1,0.8883640253469798,0.6736513856316171,0.6104752503729087
block_X_plus_block_Y,17,2,0.8743971772931263,0.6485610240210062,0.6297705302802461
block_X_plus_block_Y,17,3,0.8182453903481763,0.630095048766106,0.6763265591466474
block_X_plus_block_Y,17,4,0.825055677406504,0.6173338160597752,0.6474083447674113
block_X_plus_block_Y,17,5,0.8231223205867153,0.6368245744788564,0.663397344886677
block_X_plus_block_Y,18,1,0.8886688770351516,0.6715348324391746,0.6102078652721532
block_X_plus_block_Y,18,2,0.878032000607269,0.6525090353547432,0.6266860835682315
block_X_plus_block_Y,18,3,0.8181472204599656,0.6308839342161598,0.6764042206397907
block_X_plus_block_Y,18,4,0.8185674406660002,0.6173785697240889,0.6529321002344792
block_X_plus_block_Y,18,5,0.8266280412730302,0.6391306845855275,0.6605240227170608
block_X_plus_block_Y,19,1,0.8835448427784821,0.6708597321345903,0.6146899622541997
block_X_plus_block_Y,19,2,0.8819734815833086,0.6531984373845852,0.6233269525255344
block_X_plus_block_Y,19,3,0.8202580985229075,0.6350123432972141,0.6747322662506365
block_X_plus_block_Y,19,4,0.8135265742938368,0.6160269662137483,0.6571935352739131
block_X_plus_block_Y,19,5,0.8221117645155751,0.633833706022254,0.6642233388894974
block_X_plus_block_Y,20,1,0.8882699364628817,0.6733993825765779,0.610557757109181
block_X_plus_block_Y,20,2,0.8809376740210528,0.6522357002163054,0.6242111779423689
block_X_plus_block_Y,20,3,0.8176327429888075,0.6286022165815799,0.6768110676942367
block_X_plus_block_Y,20,4,0.8102039906170427,0.6139303702288591,0.6599879792580332
block_X_plus_block_Y,20,5,0.8206333261362808,0.633974508720085,0.6654299357366147
block_X_plus_block_Y,21,1,0.8918880557674904,0.6767009337275992,0.6073787275784519
block_X_plus_block_Y,21,2,0.899547737789363,0.6540202685748182,0.6081661760736286
block_X_plus_block_Y,21,3,0.8147285081330435,0.6261898848046857,0.6791029269312718
block_X_plus_block_Y,21,4,0.8068781460120308,0.6134977769186643,0.662773712641306
block_X_plus_block_Y,21,5,0.8208154730976179,0.6329102662205689,0.6652813975727063
block_X_plus_block_Y,22,1,0.892632460038648,0.6746114500230622,0.6067230602674399
block_X_plus_block_Y,22,2,0.8875624896831407,0.6515694818586248,0.6185379217767549
block_X_plus_block_Y,22,3,0.81338033726719,0.6250308127663751,0.6801640562239932
block_X_plus_block_Y,22,4,0.8082515060870542,0.6132312929433251,0.6616247727097244
block_X_plus_block_Y,22,5,0.8150496310332488,0.6249673381952522,0.6699673622502611
block_X_plus_block_Y,23,1,0.8936579277198505,0.6771348523125932,0.6058189379920293
block_X_plus_block_Y,23,2,0.8693501235293518,0.6481494217210411,0.6340321527193384
block_X_plus_block_Y,23,3,0.8103255410703191,0.622956393030092,0.6825619477569144
block_X_plus_block_Y,23,4,0.8144811754297802,0.621041796584565,0.656388557424313
block_X_plus_block_Y,23,5,0.8137913307519271,0.6212082352297539,0.6709856060076419
block_X_plus_block_Y,24,1,0.8947988087324268,0.6770447284426714,0.6048118395557323
block_X_plus_block_Y,24,2,0.8592183769965224,0.6498977723691981,0.642512710200888
block_X_plus_block_Y,24,3,0.8002598251726116,0.6157889233791951,0.6903992816095537
block_X_plus_block_Y,24,4,0.8076125329085176,0.617817891186649,0.6621595746323643
block_X_plus_block_Y,24,5,0.8134991841074832,0.6229071974046745,0.6712217923472807
block_X_plus_block_Y,25,1,0.8975603615506809,0.6794906211467809,0.6023687942173812
block_X_plus_block_Y,25,2,0.8551507161061213,0.6462090816813969,0.6458894885879944
block_X_plus_block_Y,25,3,0.8001745083802593,0.6163543146429075,0.6904652920010501
block_X_plus_block_Y,25,4,0.8016529391944363,0.6176809706853583,0.6671272117350275
block_X_plus_block_Y,25,5,0.8151890217896383,0.6248233826257732,0.6698544674496406
block_X_plus_block_Y,26,1,0.8938780727397515,0.6764558330195047,0.6056247077761144
block_X_plus_block_Y,26,2,0.8511503567296757,0.6407078927208656,0.6491947678842651
block_X_plus_block_Y,26,3,0.8045757636752724,0.6202846075745218,0.6870508169126417
block_X_plus_block_Y,26,4,0.7993918476073606,0.6125067058125612,0.6690023234638115
block_X_plus_block_Y,26,5,0.8186144369255312,0.6272913973480942,0.6670741025083501
block_X_plus_block_Y,27,1,0.8963233952976585,0.6766285057390192,0.6034640240862956
block_X_plus_block_Y,27,2,0.8764208060737104,0.6493518268216961,0.6280548935430821
block_X_plus_block_Y,27,3,0.8069710396832146,0.6207223055225962,0.6851847018540176
block_X_plus_block_Y,27,4,0.7952779895033134,0.6092586793264334,0.6724003408995348
block_X_plus_block_Y,27,5,0.8193954563159385,0.6274467616080972,0.6664385270535521
block_X_plus_block_Y,28,1,0.900819469387863,0.6792948073956547,0.5994758951308734
block_X_plus_block_Y,28,2,0.915105380689204,0.6616278791949435,0.5944954711545467
block_X_plus_block_Y,28,3,0.805356352351823,0.6199001617197417,0.6864432840971801
block_X_plus_block_Y,28,4,0.7947417617304224,0.6106625759663616,0.6728419696496089
block_X_plus_block_Y,28,5,0.8157310024669016,0.6269040049906394,0.6694153251736128
block_X_plus_block_Y,29,1,0.9028691558982707,0.6789117675599609,0.5976511503092535
block_X_plus_block_Y,29,2,0.9518203283821609,0.6646883393058094,0.5613042339382633
block_X_plus_block_Y,29,3,0.8013361734032248,0.6168669340185277,0.689565896557925
block_X_plus_block_Y,29,4,0.7997094059730441,0.6149954685061947,0.6687392936137924
block_X_plus_block_Y,29,5,0.8160914233841076,0.629909433576333,0.6691231309238674
block_X_plus_block_Y,30,1,0.8997636918098816,0.6773348369826935,0.6004141887206
block_X_plus_block_Y,30,2,0.9969891986564231,0.6709867390556872,0.5186794575553402
block_X_plus_block_Y,30,3,0.8016320687953439,0.6162925615122207,0.6893365970882456
block_X_plus_block_Y,30,4,0.7944386352887208,0.610046162847086,0.6730914880262127
block_X_plus_block_Y,30,5,0.8171958536973054,0.6301842080010364,0.6682269624180772
primary_full_constant_removed,1,1,1.1382015609789276,0.897812576010523,0.36057224365033236
primary_full_constant_removed,1,2,1.2597910916540478,0.9906060841506882,0.2314881701444108
primary_full_constant_removed,1,3,1.1036333663086328,0.9002946414183272,0.4111704804987484
primary_full_constant_removed,1,4,1.0912627742281247,0.8958680433793617,0.383171834001518
primary_full_constant_removed,1,5,1.1318193803981798,0.9145309569365135,0.3635811528502414
primary_full_constant_removed,2,1,1.0471266184048633,0.8072123744906655,0.45880779850651887
primary_full_constant_removed,2,2,1.1056495064164849,0.8181929349439317,0.40804533993969583
primary_full_constant_removed,2,3,0.9711083170805132,0.7834777670361901,0.544094032051743
primary_full_constant_removed,2,4,0.970924156592977,0.767510973046204,0.5117119134194614
primary_full_constant_removed,2,5,1.0287252329183851,0.8187368231940231,0.4742399717030491
primary_full_constant_removed,3,1,0.9940228837017194,0.7850070555878157,0.5123077035592125
primary_full_constant_removed,3,2,1.0219817330744152,0.7642203199836674,0.4942454976928974
primary_full_constant_removed,3,3,0.907596640298525,0.7287497145874755,0.6017775966494051
primary_full_constant_removed,3,4,0.9061619828390488,0.7022384405521997,0.5746786427995123
primary_full_constant_removed,3,5,0.9712095028180637,0.7724958348590019,0.5313866827644268
primary_full_constant_removed,4,1,0.9706442274398757,0.7619891631231598,0.5349782323965486
primary_full_constant_removed,4,2,1.0022607708474687,0.727669151053287,0.5135760441810173
primary_full_constant_removed,4,3,0.8648664794646392,0.6840948597194972,0.6383919749930281
primary_full_constant_removed,4,4,0.8899180710287049,0.6837769236287582,0.5897906387418537
primary_full_constant_removed,4,5,0.9431795345315744,0.7433806142627895,0.5580455434549091
primary_full_constant_removed,5,1,0.9289426485751746,0.726463582718321,0.5740771548875685
primary_full_constant_removed,5,2,0.968631151925983,0.7037871374842051,0.5456711082367189
primary_full_constant_removed,5,3,0.8597016224078715,0.6686849421985752,0.6426980202043935
primary_full_constant_removed,5,4,0.9036013121992742,0.6952378839581987,0.5770790284015987
primary_full_constant_removed,5,5,0.9011811217481539,0.7098114978293042,0.5965284181984137
primary_full_constant_removed,6,1,0.9280730074619118,0.7174741889647791,0.5748742474540129
primary_full_constant_removed,6,2,0.9275435890081083,0.7066249527946024,0.5833972359143608
primary_full_constant_removed,6,3,0.8427094372846591,0.6506506468735899,0.6566827343262014
primary_full_constant_removed,6,4,0.8834892726254715,0.6763025083722137,0.5956959640289468
primary_full_constant_removed,6,5,0.8782255179051829,0.6857467341167244,0.6168217197180168
primary_full_constant_removed,7,1,0.9340029435819499,0.7132254480171226,0.5694241968263926
primary_full_constant_removed,7,2,0.9965610740120155,0.7052175574216054,0.519092743762163
primary_full_constant_removed,7,3,0.8318814932807167,0.6384326798705303,0.665448597064795
primary_full_constant_removed,7,4,0.8739774003333979,0.6716214358314458,0.6043547822893139
primary_full_constant_removed,7,5,0.8764643870362979,0.680780783655211,0.6183569756605065
primary_full_constant_removed,8,1,0.9314198289838478,0.7217692184071913,0.5718025375841578
primary_full_constant_removed,8,2,1.0338951519826074,0.7199151436968411,0.48238543437213577
primary_full_constant_removed,8,3,0.8237904405105352,0.6356599285388297,0.6719247821260464
primary_full_constant_removed,8,4,0.8594222886589779,0.6589536555072406,0.6174231026283777
primary_full_constant_removed,8,5,0.8564643435887632,0.666077144638902,0.6355756781146328
primary_full_constant_removed,9,1,0.9317593446513063,0.7158567447413408,0.5714903126578339
primary_full_constant_removed,9,2,1.0596006570636638,0.7210990315477225,0.4563267954303255
primary_full_constant_removed,9,3,0.8126085204317318,0.6270059378281512,0.6807707530776221
primary_full_constant_removed,9,4,0.8546486882099328,0.6522451738590151,0.6216612922385196
primary_full_constant_removed,9,5,0.8301985326691576,0.648239053449434,0.6575850617195387
primary_full_constant_removed,10,1,0.9301131552788763,0.708145284030351,0.5730031173452532
primary_full_constant_removed,10,2,1.1124479573856212,0.713780907345963,0.4007433019842742
primary_full_constant_removed,10,3,0.800977496367052,0.6197439897884521,0.6898437341715873
primary_full_constant_removed,10,4,0.8477639115265769,0.6424886970652305,0.6277322917540384
primary_full_constant_removed,10,5,0.8374090453172288,0.6494272034479832,0.6516112877910858
primary_full_constant_removed,11,1,0.9111421578299388,0.6918567494000716,0.5902439131876207
primary_full_constant_removed,11,2,1.1243566041027635,0.7083003435236902,0.38784466137197837
primary_full_constant_removed,11,3,0.8060281686035816,0.6235428680183936,0.6859199372369704
primary_full_constant_removed,11,4,0.8449383389876893,0.6384229877886328,0.6302096713030538
primary_full_constant_removed,11,5,0.8371351159860653,0.6518327683456279,0.6518391770848795
primary_full_constant_removed,12,1,0.9151645563029477,0.6936279265069248,0.5866180456231886
primary_full_constant_removed,12,2,1.0908013823357192,0.6900465586988658,0.42383768324252447
primary_full_constant_removed,12,3,0.8154580381021781,0.6305088540986026,0.678527989780999
primary_full_constant_removed,12,4,0.8425774467892256,0.6325135384926608,0.6322732902971198
primary_full_constant_removed,12,5,0.8370897025173839,0.6523990834850062,0.6518769505851367
primary_full_constant_removed,13,1,0.9026751746343313,0.6842592984390798,0.5978240208821023
primary_full_constant_removed,13,2,1.0633478957395381,0.6803631720254351,0.4524746354368464
primary_full_constant_removed,13,3,0.8100187483472466,0.6262780413495482,0.6828022690693303
primary_full_constant_removed,13,4,0.845184611851186,0.6284728526906683,0.6299940754640304
primary_full_constant_removed,13,5,0.8353388994374817,0.6508234457821458,0.6533316513539089
primary_full_constant_removed,14,1,0.8905740537336917,0.674044300759122,0.6085347585633363
primary_full_constant_removed,14,2,1.0108547815372144,0.6648894226320162,0.5051984738089184
primary_full_constant_removed,14,3,0.8045291413879874,0.6241691512664362,0.6870870844331098
primary_full_constant_removed,14,4,0.8457813071724457,0.626974221258157,0.6294714470681014
primary_full_constant_removed,14,5,0.8391642805834997,0.6481950042615977,0.6501492901609539
primary_full_constant_removed,15,1,0.8909480277516787,0.6724171443756116,0.608205917706905
primary_full_constant_removed,15,2,0.9901216697007637,0.6588646376430143,0.5252875496807012
primary_full_constant_removed,15,3,0.8069370653413062,0.624454939631771,0.685211209416005
primary_full_constant_removed,15,4,0.8430428768501496,0.6285301745730255,0.6318669221074901
primary_full_constant_removed,15,5,0.8332993837534923,0.6427714362749889,0.6550223960466781
primary_full_constant_removed,16,1,0.8858929153752806,0.6724239796764926,0.6126392725967305
primary_full_constant_removed,16,2,0.9743971130564414,0.6441251248891152,0.5402460510601375
primary_full_constant_removed,16,3,0.8078589131850741,0.6234489591518354,0.6844915668667498
primary_full_constant_removed,16,4,0.8327958549451581,0.6249957813977696,0.6407617060539564
primary_full_constant_removed,16,5,0.8385403836382717,0.6473338836078678,0.6506693066937326
primary_full_constant_removed,17,1,0.8860230929942075,0.671180367407289,0.6125254227144517
primary_full_constant_removed,17,2,0.9683320065674634,0.6447958319120122,0.5459516885012096
primary_full_constant_removed,17,3,0.8122659968821947,0.6253545894056765,0.6810398137317104
primary_full_constant_removed,17,4,0.8353191067935393,0.6233791097912187,0.6385815273499014
primary_full_constant_removed,17,5,0.8304376145104363,0.6348876056356899,0.6573878149682248
primary_full_constant_removed,18,1,0.8872994089760993,0.6693825894517906,0.6114083046803234
primary_full_constant_removed,18,2,0.9453364736383969,0.6478697446346882,0.5672607181533553
primary_full_constant_removed,18,3,0.8136304418561856,0.6253119857045065,0.679967334636439
primary_full_constant_removed,18,4,0.8288888361368153,0.623706640831428,0.6441244951931597
primary_full_constant_removed,18,5,0.8332105599795161,0.6384090470469113,0.6550959364337157
primary_full_constant_removed,19,1,0.8807061564587401,0.6665500274501611,0.6171618623103007
primary_full_constant_removed,19,2,0.9392353126980764,0.6521255186272666,0.5728284544457258
primary_full_constant_removed,19,3,0.8178262046030584,0.6314773851404867,0.6766581089236255
primary_full_constant_removed,19,4,0.8269273653159134,0.6234072335458704,0.6458067798925101
primary_full_constant_removed,19,5,0.8304375371942693,0.636797586154595,0.6573878787646119
primary_full_constant_removed,20,1,0.8872189189482474,0.669983579179561,0.6114788025019281
primary_full_constant_removed,20,2,0.9203185207010309,0.6522516867778285,0.5898621835086577
primary_full_constant_removed,20,3,0.8141976355196556,0.6245745896442142,0.679520980220842
primary_full_constant_removed,20,4,0.8245115822224431,0.6227040128341027,0.6478732350040614
primary_full_constant_removed,20,5,0.8262864748136461,0.6358647556691431,0.6608045107855502
primary_full_constant_removed,21,1,0.8933520556699428,0.6748526854909834,0.6060887242987988
primary_full_constant_removed,21,2,0.9342622540348547,0.6539969062531106,0.5773400504850954
primary_full_constant_removed,21,3,0.8092714294900657,0.6212731557822035,0.683387288852493
primary_full_constant_removed,21,4,0.8237561875200842,0.6233029147324078,0.6485181570405245
primary_full_constant_removed,21,5,0.8252534099150816,0.6345071751820011,0.661652139092769
primary_full_constant_removed,22,1,0.8962067085074014,0.6737740186441739,0.6035672624903317
primary_full_constant_removed,22,2,0.9192773200869984,0.6505836202800874,0.5907896758359936
primary_full_constant_removed,22,3,0.8074554405649319,0.6211684868804178,0.6848066397671182
primary_full_constant_removed,22,4,0.8278601429262111,0.6235247832439197,0.6450072662802984
primary_full_constant_removed,22,5,0.8164221949182522,0.6256007334042906,0.6688548599285649
primary_full_constant_removed,23,1,0.8977074719418169,0.6749557203182297,0.6022384398068126
primary_full_constant_removed,23,2,0.8851790679971633,0.645411549131992,0.6205838943302735
primary_full_constant_removed,23,3,0.8076468846691859,0.620195578037793,0.6846571601528029
primary_full_constant_removed,23,4,0.8313191794422279,0.6304335715022708,0.6420345463910812
primary_full_constant_removed,23,5,0.8153108888919707,0.6232299049225061,0.669755749518666
primary_full_constant_removed,24,1,0.8974579094211074,0.6731527279520493,0.6024595643550369
primary_full_constant_removed,24,2,0.869360389899382,0.6442091648443037,0.6340235090591555
primary_full_constant_removed,24,3,0.8028178547901417,0.6171878370438052,0.6884168415459753
primary_full_constant_removed,24,4,0.8259792058160045,0.630640515761054,0.6466185540514051
primary_full_constant_removed,24,5,0.8158704567798244,0.6255223188869712,0.6693022844795175
primary_full_constant_removed,25,1,0.9003725150850803,0.676238374348639,0.5998732479134672
primary_full_constant_removed,25,2,0.8576441078185715,0.6389106138868106,0.6438214942538849
primary_full_constant_removed,25,3,0.8036020696120404,0.6183398420663037,0.6878078180353939
primary_full_constant_removed,25,4,0.8200105940898447,0.6323114597143593,0.6517072439119874
primary_full_constant_removed,25,5,0.818895638634621,0.6269413296690525,0.6668453369095313
primary_full_constant_removed,26,1,0.8950237690111015,0.6713393747990817,0.6046131070291327
primary_full_constant_removed,26,2,0.8415427642511605,0.6243986549164442,0.6570696904817306
primary_full_constant_removed,26,3,0.8039311127760873,0.6179003042673727,0.6875521050697986
primary_full_constant_removed,26,4,0.8205105853981292,0.6311537804069239,0.651282380031169
primary_full_constant_removed,26,5,0.8257614285080328,0.6297856534734124,0.6612354430616857
primary_full_constant_removed,27,1,0.8953822458902871,0.6694048320674331,0.6042963211541869
primary_full_constant_removed,27,2,0.8455976761892755,0.6314117729306263,0.6537569596212089
primary_full_constant_removed,27,3,0.8063328799201727,0.6195091639325523,0.685682422363133
primary_full_constant_removed,27,4,0.811192623977539,0.6262449076848801,0.6591576888159941
primary_full_constant_removed,27,5,0.8262317660550293,0.6327421919891929,0.660849425837114
primary_full_constant_removed,28,1,0.9008752850891127,0.6735699253159226,0.5994262598218544
primary_full_constant_removed,28,2,0.8519120761120083,0.6359238215931668,0.6485665951720243
primary_full_constant_removed,28,3,0.8046885329081036,0.6188158893104926,0.686963084932438
primary_full_constant_removed,28,4,0.8105864062492012,0.6287532702320409,0.6596669327082194
primary_full_constant_removed,28,5,0.8203658018417642,0.6308210472320969,0.6656480380930763
primary_full_constant_removed,29,1,0.9039465341601497,0.6750519905651281,0.5966903454467278
primary_full_constant_removed,29,2,0.8587053258602589,0.6440309512347048,0.6429395039172268
primary_full_constant_removed,29,3,0.7994075682315849,0.6155743152654053,0.691058364699944
primary_full_constant_removed,29,4,0.8120531449258384,0.6312965255161208,0.6584341676474514
primary_full_constant_removed,29,5,0.8198780452410185,0.6332522608333231,0.6660455044304261
primary_full_constant_removed,30,1,0.9002075472382417,0.6732458698264394,0.6000198583454663
primary_full_constant_removed,30,2,0.8628168890558576,0.6417247794995268,0.6395120384153814
primary_full_constant_removed,30,3,0.8005468890624122,0.615139474182782,0.6901771259444347
primary_full_constant_removed,30,4,0.8074705649478965,0.6301861128124613,0.6622783402499147
primary_full_constant_removed,30,5,0.82357542433057,0.63423926992335,0.6630266638904488
not_assigned_reference_only,1,1,1.2615758223670683,1.0236109386584926,0.21443912519236763
not_assigned_reference_only,1,2,1.562463867488195,1.1393462331088247,-0.18215236909070254
not_assigned_reference_only,1,3,1.2635931992702296,1.0379243145735968,0.22811164394292727
not_assigned_reference_only,1,4,1.234695515891887,1.016798242351597,0.21036705941996914
not_assigned_reference_only,1,5,1.239066704840178,1.017351253154209,0.23725713383633062
not_assigned_reference_only,2,1,1.1968547988472626,0.9524983345109379,0.2929728983950456
not_assigned_reference_only,2,2,1.201412068771787,0.9484370325828794,0.30106390097003377
not_assigned_reference_only,2,3,1.1649803818616513,0.9499878752545409,0.3438892494208222
not_assigned_reference_only,2,4,1.1483889128561073,0.9368301493873274,0.3169012395100612
not_assigned_reference_only,2,5,1.15799637766966,0.9423305037969844,0.33380221881887295
not_assigned_reference_only,3,1,1.0745949452398587,0.8290954544886205,0.43004217930373345
not_assigned_reference_only,3,2,1.2203158691082285,0.8398201898963328,0.2788958268619446
not_assigned_reference_only,3,3,1.038153819864487,0.8351971908903043,0.47896926508619597
not_assigned_reference_only,3,4,1.0351768055773427,0.8441517603394407,0.4449468387680683
not_assigned_reference_only,3,5,1.0999427421548877,0.8789311580486665,0.3989246236970706
not_assigned_reference_only,4,1,1.075658735926269,0.8341745175216357,0.42891316611811936
not_assigned_reference_only,4,2,1.1383146336905856,0.8290993304603389,0.3725514369398736
not_assigned_reference_only,4,3,1.0052571526956913,0.8053605950381363,0.5114665854621923
not_assigned_reference_only,4,4,1.0039040478817427,0.8087007144785435,0.477976653831098
not_assigned_reference_only,4,5,1.086107035714132,0.8617159845721878,0.41395085832468814
not_assigned_reference_only,5,1,1.048153516500284,0.8125603585026225,0.4577458032562768
not_assigned_reference_only,5,2,1.0197250352717944,0.8012236035765002,0.49647660400853577
not_assigned_reference_only,5,3,0.9943530421920026,0.8011151153727974,0.5220074326249364
not_assigned_reference_only,5,4,0.9844019409344752,0.7823613604845588,0.4980615813934727
not_assigned_reference_only,5,5,1.0772144912844788,0.8540905580085735,0.42350817322837697
not_assigned_reference_only,6,1,1.0469866681548945,0.8089002252790708,0.45895245135204943
not_assigned_reference_only,6,2,1.1032654173173577,0.8041728996961955,0.4105954267349615
not_assigned_reference_only,6,3,0.9770113158922568,0.787214371656776,0.5385346278764844
not_assigned_reference_only,6,4,0.9696561628179075,0.7698110573814411,0.5129864557368946
not_assigned_reference_only,6,5,1.0804482397345727,0.8454502005760364,0.4200417740438407
not_assigned_reference_only,7,1,1.0442495915202292,0.8074001932688208,0.4617776122599355
not_assigned_reference_only,7,2,1.3589082854849865,0.8158727873356824,0.10580181445267367
not_assigned_reference_only,7,3,0.974253438740727,0.7811205411404821,0.5411361711053417
not_assigned_reference_only,7,4,0.9655577567685946,0.7609802483591801,0.5170946358740047
not_assigned_reference_only,7,5,1.0433175324551505,0.8122575256790986,0.4592185433503333
not_assigned_reference_only,8,1,1.0372437199766278,0.8093538271478121,0.46897525556125264
not_assigned_reference_only,8,2,1.4720295322712873,0.8296137522945105,-0.04926826317055322
not_assigned_reference_only,8,3,0.9717491204290044,0.7798219381765208,0.5434921579772514
not_assigned_reference_only,8,4,0.9656859469055838,0.7615581579926262,0.5169664036401476
not_assigned_reference_only,8,5,1.0239859978125556,0.7938868425143241,0.4790730618140808
not_assigned_reference_only,9,1,1.0360474517330192,0.808958090570262,0.4701994263240574
not_assigned_reference_only,9,2,1.3046794184500736,0.8199270177942587,0.17574590434788961
not_assigned_reference_only,9,3,0.9615975943156537,0.7682453391369656,0.552980296374741
not_assigned_reference_only,9,4,0.9609561528193757,0.7596581690100329,0.5216864775084868
not_assigned_reference_only,9,5,1.0142748873680603,0.7853312075850638,0.4889067728835619
not_assigned_reference_only,10,1,1.0298631390499446,0.8003435180780778,0.47650545719094695
not_assigned_reference_only,10,2,1.4894240548452164,0.8357137160751608,-0.0742125409908907
not_assigned_reference_only,10,3,0.9497991864101978,0.7564876179194202,0.5638824974348735
not_assigned_reference_only,10,4,0.9652933014408602,0.761339234701778,0.5173591242626147
not_assigned_reference_only,10,5,1.0164601354297198,0.7842452845400347,0.4867021069942733
not_assigned_reference_only,11,1,1.0278364825482336,0.7956360493534392,0.4785637883786261
not_assigned_reference_only,11,2,1.5195500912364552,0.8359789557553062,-0.11810742882673564
not_assigned_reference_only,11,3,0.9470950172222226,0.7592876658127528,0.5663622988267559
not_assigned_reference_only,11,4,0.9662121410710783,0.7627633353663671,0.5164398583210206
not_assigned_reference_only,11,5,1.0087247979510137,0.7801710105092658,0.49448485078835513
not_assigned_reference_only,12,1,1.0255273143788068,0.7967148009251799,0.4809041048730063
not_assigned_reference_only,12,2,1.6786689023442183,0.8527448158478433,-0.3645315488655654
not_assigned_reference_only,12,3,0.9489871106448298,0.7603855579380846,0.5646279372217887
not_assigned_reference_only,12,4,0.9666105774224748,0.7614820527788912,0.5160409652508055
not_assigned_reference_only,12,5,0.996450275220732,0.7702629844144128,0.5067125766004581
not_assigned_reference_only,13,1,1.0229243813619273,0.7928191294260418,0.48353583801758937
not_assigned_reference_only,13,2,1.7695157819443548,0.8592715359790699,-0.5162205265466373
not_assigned_reference_only,13,3,0.9409894340729456,0.7551654798185091,0.5719352918042945
not_assigned_reference_only,13,4,0.9687500323423365,0.7631188265890652,0.5138962454912186
not_assigned_reference_only,13,5,1.0042008227904824,0.7781446048471776,0.49900899791126097
not_assigned_reference_only,14,1,1.0246568821303497,0.7914628818703543,0.4817849123340009
not_assigned_reference_only,14,2,1.772592713198405,0.863957943399812,-0.5214980861132466
not_assigned_reference_only,14,3,0.9370561431658001,0.7508128250242946,0.5755063927422008
not_assigned_reference_only,14,4,0.9611063981355863,0.7554230763075992,0.5215368973549828
not_assigned_reference_only,14,5,0.997616765771623,0.7716055372738728,0.5055569706735071
not_assigned_reference_only,15,1,1.024119287490588,0.7917004033463909,0.4823285412815178
not_assigned_reference_only,15,2,1.7650169923063972,0.8619330246009754,-0.5085206955976667
not_assigned_reference_only,15,3,0.9398151475145239,0.7531590963274476,0.5730030125810313
not_assigned_reference_only,15,4,0.96229714902385,0.7570216295392943,0.5203505910401416
not_assigned_reference_only,15,5,1.000088478507392,0.7754039762836757,0.5031038541080658
not_assigned_reference_only,16,1,1.024915364442229,0.7893052883548691,0.48152342708670726
not_assigned_reference_only,16,2,2.0198202997157058,0.8706427382342133,-0.975508744368812
not_assigned_reference_only,16,3,0.940049537025825,0.7536210345825304,0.5727900002756238
not_assigned_reference_only,16,4,0.9644370400605682,0.7620324838275089,0.5182149956296551
not_assigned_reference_only,16,5,1.0001595429923913,0.7724753449750883,0.5030332345097872
not_assigned_reference_only,17,1,1.0266367282622415,0.7887259602597099,0.47978038308723514
not_assigned_reference_only,17,2,2.4938177926340654,0.8879753452765914,-2.0115004292380054
not_assigned_reference_only,17,3,0.9407659644102574,0.7526484886226388,0.5721385844528666
not_assigned_reference_only,17,4,0.9658698107815836,0.7628219525848581,0.5167824496655303
not_assigned_reference_only,17,5,1.000146524869004,0.7745477933381321,0.503046171510916
not_assigned_reference_only,18,1,1.0260163751607856,0.7886066497647841,0.48040888651193836
not_assigned_reference_only,18,2,2.735655697958748,0.8970814129810358,-2.623901342121371
not_assigned_reference_only,18,3,0.9413863624477833,0.7508568229698319,0.5715740829346727
not_assigned_reference_only,18,4,0.9646219662287535,0.7615498190493494,0.5180302179971459
not_assigned_reference_only,18,5,1.0017076876428572,0.7766533572652081,0.501493536362914
not_assigned_reference_only,19,1,1.025564728007946,0.7879680179966289,0.48086622852334304
not_assigned_reference_only,19,2,3.012613669178027,0.911305772362584,-3.3948127484934556
not_assigned_reference_only,19,3,0.9427346885276622,0.7521097583157408,0.5703459548389928
not_assigned_reference_only,19,4,0.9622221663781014,0.7599751076887552,0.5204253371422833
not_assigned_reference_only,19,5,1.0032468279313618,0.7769440657448338,0.49996043273544544
not_assigned_reference_only,20,1,1.0250896796933866,0.7878939914454173,0.48134704947966667
not_assigned_reference_only,20,2,3.4217991533760195,0.9348763618772878,-4.6697318588010726
not_assigned_reference_only,20,3,0.9405991953107815,0.7503551272943201,0.5722902645544462
not_assigned_reference_only,20,4,0.9630943209939706,0.7608858976159582,0.5195555737412277
not_assigned_reference_only,20,5,1.002664862016466,0.7758448059613257,0.5005403928657148
not_assigned_reference_only,21,1,1.025768007751848,0.7884396071812904,0.4806604105269644
not_assigned_reference_only,21,2,3.450182443530096,0.9351441309456842,-4.764181044015426
not_assigned_reference_only,21,3,0.9399197938445845,0.7488512140880034,0.5729079169539558
not_assigned_reference_only,21,4,0.959336375202102,0.7571617440475488,0.5232975990368456
not_assigned_reference_only,21,5,1.0047015350635795,0.7775214982554545,0.4985092674241557
not_assigned_reference_only,22,1,1.026775970388739,0.7885735172924065,0.479639259365535
not_assigned_reference_only,22,2,3.583515503843976,0.9408552047009376,-5.218305669366451
not_assigned_reference_only,22,3,0.939978433449291,0.748798564790521,0.5728546245510846
not_assigned_reference_only,22,4,0.961562392302724,0.757803558189024,0.5210827787662414
not_assigned_reference_only,22,5,1.0056569476945114,0.7777970838976916,0.4975550369863512
not_assigned_reference_only,23,1,1.026625729317776,0.7888219531038358,0.4797915298460992
not_assigned_reference_only,23,2,3.7358796034227932,0.9455808189469096,-5.758327518880466
not_assigned_reference_only,23,3,0.9394446335590722,0.7488432187012396,0.5733396259183683
not_assigned_reference_only,23,4,0.9585531238768791,0.7539198419914274,0.5240756897557415
not_assigned_reference_only,23,5,1.0040542935083505,0.7764046144863769,0.4991551927646751
not_assigned_reference_only,24,1,1.0261011450445847,0.7881428536072628,0.4803230253133929
not_assigned_reference_only,24,2,3.663200973237867,0.942971645046733,-5.497929316850098
not_assigned_reference_only,24,3,0.9402320689334445,0.7493689800807344,0.5726240791749353
not_assigned_reference_only,24,4,0.9603016658363517,0.7551031279430299,0.5223377941528249
not_assigned_reference_only,24,5,1.0031688823547138,0.7743963323473613,0.500038129185112
not_assigned_reference_only,25,1,1.0248376325832318,0.7877961752060497,0.48160206893549795
not_assigned_reference_only,25,2,3.709153742560746,0.9454730066335473,-5.661977491716762
not_assigned_reference_only,25,3,0.9402441976439618,0.7508359704731616,0.5726130530624893
not_assigned_reference_only,25,4,0.9586433931189933,0.7552027528194202,0.5239860476720535
not_assigned_reference_only,25,5,1.0040847591055708,0.7747404267122272,0.49912479845680247
not_assigned_reference_only,26,1,1.0245648907842255,0.7887421377303195,0.48187795648256904
not_assigned_reference_only,26,2,3.891056671736914,0.9568422045996477,-6.331428499442968
not_assigned_reference_only,26,3,0.9411511523380306,0.7525417109054031,0.5717881449224695
not_assigned_reference_only,26,4,0.9593574618043952,0.7570364163426678,0.5232766425826236
not_assigned_reference_only,26,5,1.005149331248347,0.7750386778225355,0.4980621382550712
not_assigned_reference_only,27,1,1.027652301682049,0.7911385901673992,0.4787506468333278
not_assigned_reference_only,27,2,3.9921643875966,0.9622601690338061,-6.717387786460333
not_assigned_reference_only,27,3,0.9380099821470098,0.7498416612805406,0.5746417601841458
not_assigned_reference_only,27,4,0.9611070525750482,0.7577443692652838,0.5215362457616883
not_assigned_reference_only,27,5,1.0018734594069776,0.773553993588614,0.501328527878317
not_assigned_reference_only,28,1,1.0293320939261015,0.7938835610746954,0.47704519405333623
not_assigned_reference_only,28,2,4.459644785344793,0.9854290683128246,-8.630615128734966
not_assigned_reference_only,28,3,0.9396228312663505,0.7499874428833042,0.5731777491912824
not_assigned_reference_only,28,4,0.965159609028661,0.7588873939940951,0.5174928058171124
not_assigned_reference_only,28,5,1.0021808878207743,0.7735363152889406,0.5010224427146655
not_assigned_reference_only,29,1,1.029207434589641,0.7945220114873502,0.4771718533733691
not_assigned_reference_only,29,2,4.793767971156739,1.0038956123166611,-10.127753838070522
not_assigned_reference_only,29,3,0.9411577678217442,0.7484802029425066,0.5717821249786967
not_assigned_reference_only,29,4,0.9668477525002179,0.7603463927481655,0.5158034402197345
not_assigned_reference_only,29,5,1.0031853627989356,0.7736897815369974,0.5000217019183746
not_assigned_reference_only,30,1,1.0281487021686184,0.7940796580780431,0.47824695326800104
not_assigned_reference_only,30,2,5.048102794835048,1.0136530348444706,-11.339849724029259
not_assigned_reference_only,30,3,0.9424260243999072,0.7481240397750979,0.5706272579078282
not_assigned_reference_only,30,4,0.9657498589213349,0.7617100046952279,0.5169024642766156
not_assigned_reference_only,30,5,0.9999681917567543,0.7720575912606734,0.5032233763895944
