component,descriptor_category,sum_squared_weight,n_descriptors,component_total_squared_weight,prop_component_squared_weight,mean_squared_weight
PC1,Van der Waals volume,0.009741762930821778,1,0.9999999999999998,0.00974176293082178,0.009741762930821778
PC1,McGowan volume,0.009611747474372937,1,0.9999999999999998,0.009611747474372939,0.009611747474372937
PC1,Weight,0.009545910532898738,1,0.9999999999999998,0.00954591053289874,0.009545910532898738
PC1,APol,0.009340387751622898,1,0.9999999999999998,0.0093403877516229,0.009340387751622898
PC1,Zagreb index,0.009225640772248436,1,0.9999999999999998,0.009225640772248437,0.009225640772248436
PC1,Eccentric connectivity index,0.008989982229519775,1,0.9999999999999998,0.008989982229519777,0.008989982229519775
PC1,BPol,0.00873130989716035,1,0.9999999999999998,0.008731309897160353,0.00873130989716035
PC1,Kappa shape indices,0.026032514316396423,3,0.9999999999999998,0.02603251431639643,0.00867750477213214
PC1,Fragment complexity,0.008424273407778309,1,0.9999999999999998,0.00842427340777831,0.008424273407778309
PC1,Autocorrelation (polarizability),0.040283868413734186,5,0.9999999999999998,0.04028386841373419,0.008056773682746838
PC1,Vertex adjacency information (magnitude),0.007886054440239739,1,0.9999999999999998,0.00788605444023974,0.007886054440239739
PC1,Chi path,0.11950383895894023,16,0.9999999999999998,0.11950383895894026,0.007468989934933765
PC1,Wiener numbers,0.014403700420245791,2,0.9999999999999998,0.014403700420245795,0.007201850210122896
PC1,Rotatable bonds count,0.007097536231544931,1,0.9999999999999998,0.007097536231544932,0.007097536231544931
PC1,Autocorrelation (mass),0.034098420836894,5,0.9999999999999998,0.03409842083689401,0.0068196841673788
PC1,Molecular linear free energy relation,0.034338073450892834,6,0.9999999999999998,0.03433807345089284,0.005723012241815473
PC1,Bond count,0.050201277092587315,9,0.9999999999999998,0.05020127709258733,0.005577919676954146
PC1,Largest chain,0.005424694185601717,1,0.9999999999999998,0.005424694185601718,0.005424694185601717
PC1,Hbond acceptor count,0.02047817767600054,4,0.9999999999999998,0.020478177676000544,0.005119544419000135
PC1,Basic group count,0.004922821411279281,1,0.9999999999999998,0.004922821411279282,0.004922821411279281
PC1,Crippen logP and MR,0.009542771753972387,2,0.9999999999999998,0.009542771753972388,0.004771385876986193
PC1,Topological polar surface area,0.004460406827446739,1,0.9999999999999998,0.00446040682744674,0.004460406827446739
PC1,ALOGP,0.013145296519439888,3,0.9999999999999998,0.013145296519439891,0.004381765506479962
PC1,Mannhold LogP,0.0041429766447057415,1,0.9999999999999998,0.004142976644705742,0.0041429766447057415
PC1,Weighted path,0.020381749427195808,5,0.9999999999999998,0.02038174942719581,0.004076349885439161
PC1,Hbond donor count,0.007756276205769969,2,0.9999999999999998,0.007756276205769971,0.0038781381028849845
PC1,Chi path cluster,0.022126120264435452,6,0.9999999999999998,0.022126120264435455,0.003687686710739242
PC1,Atom count,0.04149453255542973,13,0.9999999999999998,0.04149453255542974,0.003191887119648441
PC1,Autocorrelation (charge),0.014035217815194534,5,0.9999999999999998,0.014035217815194538,0.0028070435630389067
PC1,Extended topochemical atom,0.11167076806125283,43,0.9999999999999998,0.11167076806125285,0.002596994606075647
PC1,Rule of five,0.002176666209413504,1,0.9999999999999998,0.0021766662094135046,0.002176666209413504
PC1,HybridizationRatioDescriptor,0.0018708503992924195,1,0.9999999999999998,0.00187085039929242,0.0018708503992924195
PC1,Chi cluster,0.014694363431242637,8,0.9999999999999998,0.01469436343124264,0.0018367954289053297
PC1,Longest aliphatic chain,0.0015831444354420837,1,0.9999999999999998,0.0015831444354420842,0.0015831444354420837
PC1,Carbon types,0.011393579728861352,9,0.9999999999999998,0.011393579728861354,0.0012659533032068169
PC1,Atom type electrotopological state,0.24844957102397588,270,0.9999999999999998,0.24844957102397594,0.0009201835963850959
PC1,FMFDescriptor,0.0008567662610781389,1,0.9999999999999998,0.0008567662610781392,0.0008567662610781389
PC1,Molecular distance edge,0.013800078867115557,19,0.9999999999999998,0.01380007886711556,0.000726319940374503
PC1,XLogP,0.0004976012890543862,1,0.9999999999999998,0.0004976012890543863,0.0004976012890543862
PC1,BCUT,0.0025849824401564555,6,0.9999999999999998,0.002584982440156456,0.0004308304066927426
PC1,Ring count,0.007306497573214558,18,0.9999999999999998,0.0073064975732145595,0.0004059165318452532
PC1,Chi chain,0.0038075715954022714,10,0.9999999999999998,0.0038075715954022722,0.0003807571595402271
PC1,Petitjean number,0.00033929856612685284,1,0.9999999999999998,0.0003392985661268529,0.00033929856612685284
PC1,Aromatic atoms count,0.000331387679732998,1,0.9999999999999998,0.00033138767973299807,0.000331387679732998
PC1,RingCountDescriptor,0.002913934705943968,11,0.9999999999999998,0.0029139347059439686,0.00026490315508581526
PC1,Aromatic bonds count,0.00015635444722064763,1,0.9999999999999998,0.00015635444722064765,0.00015635444722064763
PC1,Largest Pi system,0.00010493842207523443,1,0.9999999999999998,0.00010493842207523445,0.00010493842207523443
PC1,Acidic group count,9.430441902749564e-05,1,0.9999999999999998,9.430441902749567e-05,9.430441902749564e-05
PC10,Autocorrelation (mass),0.04566154726108221,5,1.0000000000000002,0.0456615472610822,0.009132309452216441
PC10,BCUT,0.05204965489125663,6,1.0000000000000002,0.05204965489125662,0.008674942481876105
PC10,Atom count,0.06291384169418772,13,1.0000000000000002,0.0629138416941877,0.004839526284168286
PC10,RingCountDescriptor,0.03781168364231272,11,1.0000000000000002,0.037811683642312716,0.003437425785664793
PC10,Extended topochemical atom,0.14434607205362435,43,1.0000000000000002,0.14434607205362432,0.003356885396595915
PC10,Chi cluster,0.023193194014376937,8,1.0000000000000002,0.023193194014376934,0.002899149251797117
PC10,Mannhold LogP,0.0028871994222068823,1,1.0000000000000002,0.002887199422206882,0.0028871994222068823
PC10,Ring count,0.04168527372489972,18,1.0000000000000002,0.04168527372489971,0.0023158485402722064
PC10,Largest Pi system,0.0021627029343747953,1,1.0000000000000002,0.002162702934374795,0.0021627029343747953
PC10,Chi chain,0.01852401946089028,10,1.0000000000000002,0.018524019460890277,0.001852401946089028
PC10,Atom type electrotopological state,0.4728377555870657,270,1.0000000000000002,0.4728377555870656,0.0017512509466187619
PC10,Topological polar surface area,0.0016658335750863152,1,1.0000000000000002,0.0016658335750863148,0.0016658335750863152
PC10,Chi path cluster,0.009738201633649374,6,1.0000000000000002,0.009738201633649373,0.001623033605608229
PC10,Molecular distance edge,0.026810882152245454,19,1.0000000000000002,0.026810882152245447,0.0014110990606444975
PC10,Carbon types,0.012332919758854442,9,1.0000000000000002,0.012332919758854439,0.0013703244176504936
PC10,Autocorrelation (charge),0.006102710339853797,5,1.0000000000000002,0.006102710339853795,0.0012205420679707595
PC10,Petitjean number,0.0012086399545413991,1,1.0000000000000002,0.001208639954541399,0.0012086399545413991
PC10,Weighted path,0.005290083153980104,5,1.0000000000000002,0.005290083153980103,0.0010580166307960208
PC10,Weight,0.001039901899425266,1,1.0000000000000002,0.0010399018994252658,0.001039901899425266
PC10,Chi path,0.015202239770066345,16,1.0000000000000002,0.015202239770066342,0.0009501399856291466
PC10,Crippen logP and MR,0.0018601780870895234,2,1.0000000000000002,0.001860178087089523,0.0009300890435447617
PC10,FMFDescriptor,0.0006537476493156218,1,1.0000000000000002,0.0006537476493156217,0.0006537476493156218
PC10,Bond count,0.004599143367241995,9,1.0000000000000002,0.004599143367241994,0.000511015929693555
PC10,Basic group count,0.0004447857852554331,1,1.0000000000000002,0.000444785785255433,0.0004447857852554331
PC10,Wiener numbers,0.0008189622308295711,2,1.0000000000000002,0.0008189622308295709,0.00040948111541478554
PC10,Molecular linear free energy relation,0.0023370319125804763,6,1.0000000000000002,0.002337031912580476,0.0003895053187634127
PC10,Aromatic bonds count,0.00038930321067645065,1,1.0000000000000002,0.00038930321067645054,0.00038930321067645065
PC10,Vertex adjacency information (magnitude),0.0003573289238772272,1,1.0000000000000002,0.0003573289238772271,0.0003573289238772272
PC10,Autocorrelation (polarizability),0.001785161443189038,5,1.0000000000000002,0.0017851614431890375,0.0003570322886378076
PC10,ALOGP,0.0008836167383879834,3,1.0000000000000002,0.0008836167383879832,0.00029453891279599445
PC10,Aromatic atoms count,0.0002716584321449791,1,1.0000000000000002,0.00027165843214497907,0.0002716584321449791
PC10,Rule of five,0.00021854739442945297,1,1.0000000000000002,0.00021854739442945292,0.00021854739442945297
PC10,Longest aliphatic chain,0.00018434916739123615,1,1.0000000000000002,0.0001843491673912361,0.00018434916739123615
PC10,Acidic group count,0.00017345821276115982,1,1.0000000000000002,0.0001734582127611598,0.00017345821276115982
PC10,Hbond acceptor count,0.0005932517779094762,4,1.0000000000000002,0.0005932517779094761,0.00014831294447736906
PC10,Zagreb index,0.00012897311824787403,1,1.0000000000000002,0.000128973118247874,0.00012897311824787403
PC10,HybridizationRatioDescriptor,0.00012430192124783106,1,1.0000000000000002,0.00012430192124783103,0.00012430192124783106
PC10,Hbond donor count,0.0002065000924701371,2,1.0000000000000002,0.00020650009247013705,0.00010325004623506855
PC10,Kappa shape indices,0.000274135961294715,3,1.0000000000000002,0.00027413596129471495,9.1378653764905e-05
PC10,APol,5.4364624801703454e-05,1,1.0000000000000002,5.436462480170344e-05,5.4364624801703454e-05
PC10,Van der Waals volume,5.128437519438457e-05,1,1.0000000000000002,5.128437519438456e-05,5.128437519438457e-05
PC10,Fragment complexity,3.985853376771244e-05,1,1.0000000000000002,3.985853376771243e-05,3.985853376771244e-05
PC10,XLogP,3.888144692001566e-05,1,1.0000000000000002,3.888144692001565e-05,3.888144692001566e-05
PC10,BPol,2.4757411428282655e-05,1,1.0000000000000002,2.4757411428282648e-05,2.4757411428282655e-05
PC10,Eccentric connectivity index,1.9718214495406147e-05,1,1.0000000000000002,1.9718214495406144e-05,1.9718214495406147e-05
PC10,Largest chain,1.2107955201628378e-06,1,1.0000000000000002,1.2107955201628376e-06,1.2107955201628378e-06
PC10,McGowan volume,1.1265002292531466e-06,1,1.0000000000000002,1.1265002292531464e-06,1.1265002292531466e-06
PC10,Rotatable bonds count,5.747322588400238e-09,1,1.0000000000000002,5.7473225884002365e-09,5.747322588400238e-09
PC2,HybridizationRatioDescriptor,0.0079638624383278,1,0.9999999999999987,0.00796386243832781,0.0079638624383278
PC2,Topological polar surface area,0.0071675098488899625,1,0.9999999999999987,0.007167509848889972,0.0071675098488899625
PC2,Mannhold LogP,0.006618651069971543,1,0.9999999999999987,0.006618651069971552,0.006618651069971543
PC2,Hbond acceptor count,0.02465657102187393,4,0.9999999999999987,0.02465657102187396,0.006164142755468482
PC2,XLogP,0.006046032546729947,1,0.9999999999999987,0.0060460325467299545,0.006046032546729947
PC2,Hbond donor count,0.009656565302954844,2,0.9999999999999987,0.009656565302954856,0.004828282651477422
PC2,Extended topochemical atom,0.2017818644724906,43,0.9999999999999987,0.20178186447249088,0.004692601499360247
PC2,Chi path cluster,0.025297234896659658,6,0.9999999999999987,0.025297234896659693,0.004216205816109943
PC2,Weighted path,0.015795407895226612,5,0.9999999999999987,0.015795407895226633,0.0031590815790453223
PC2,Crippen logP and MR,0.006128475906488309,2,0.9999999999999987,0.006128475906488317,0.0030642379532441547
PC2,Largest Pi system,0.0029869032444014786,1,0.9999999999999987,0.0029869032444014825,0.0029869032444014786
PC2,Chi path,0.04352307422912244,16,0.9999999999999987,0.043523074229122494,0.0027201921393201524
PC2,BCUT,0.01412085219864925,6,0.9999999999999987,0.014120852198649269,0.0023534753664415414
PC2,Carbon types,0.019091420658700224,9,0.9999999999999987,0.01909142065870025,0.0021212689620778028
PC2,Chi cluster,0.016550454983879095,8,0.9999999999999987,0.016550454983879116,0.002068806872984887
PC2,Autocorrelation (charge),0.010078028604500458,5,0.9999999999999987,0.010078028604500472,0.0020156057209000915
PC2,Chi chain,0.019076314819165423,10,0.9999999999999987,0.019076314819165448,0.0019076314819165424
PC2,Autocorrelation (polarizability),0.009322561921646138,5,0.9999999999999987,0.00932256192164615,0.0018645123843292275
PC2,Molecular linear free energy relation,0.009775204070909399,6,0.9999999999999987,0.009775204070909413,0.0016292006784849
PC2,Molecular distance edge,0.0307855194003084,19,0.9999999999999987,0.03078551940030844,0.0016202904947530735
PC2,Largest chain,0.0016195735170164403,1,0.9999999999999987,0.0016195735170164425,0.0016195735170164403
PC2,Atom type electrotopological state,0.4321580795535222,270,0.9999999999999987,0.43215807955352276,0.00160058547982786
PC2,Bond count,0.01330402287078122,9,0.9999999999999987,0.013304022870781237,0.0014782247634201355
PC2,RingCountDescriptor,0.015228649961659988,11,0.9999999999999987,0.015228649961660009,0.0013844227237872716
PC2,ALOGP,0.0038994609572967284,3,0.9999999999999987,0.0038994609572967336,0.0012998203190989095
PC2,Wiener numbers,0.002420649444700129,2,0.9999999999999987,0.002420649444700132,0.0012103247223500646
PC2,BPol,0.0011608656367916121,1,0.9999999999999987,0.0011608656367916137,0.0011608656367916121
PC2,Atom count,0.015064524049846564,13,0.9999999999999987,0.015064524049846584,0.0011588095422958894
PC2,Ring count,0.020443522732144365,18,0.9999999999999987,0.020443522732144392,0.001135751262896909
PC2,APol,0.0009248342390798616,1,0.9999999999999987,0.0009248342390798628,0.0009248342390798616
PC2,FMFDescriptor,0.0009201469460814999,1,0.9999999999999987,0.0009201469460815011,0.0009201469460814999
PC2,Longest aliphatic chain,0.0008023068595581961,1,0.9999999999999987,0.0008023068595581972,0.0008023068595581961
PC2,Basic group count,0.000703382652391426,1,0.9999999999999987,0.000703382652391427,0.000703382652391426
PC2,Vertex adjacency information (magnitude),0.0005495336161906645,1,0.9999999999999987,0.0005495336161906653,0.0005495336161906645
PC2,Kappa shape indices,0.0015467651994879195,3,0.9999999999999987,0.0015467651994879217,0.0005155883998293065
PC2,Rotatable bonds count,0.0004609906827717554,1,0.9999999999999987,0.000460990682771756,0.0004609906827717554
PC2,Acidic group count,0.00039941765462481134,1,0.9999999999999987,0.0003994176546248119,0.00039941765462481134
PC2,McGowan volume,0.00031828926812831743,1,0.9999999999999987,0.00031828926812831786,0.00031828926812831743
PC2,Van der Waals volume,0.0002522960980822253,1,0.9999999999999987,0.0002522960980822256,0.0002522960980822253
PC2,Eccentric connectivity index,0.00024422752107100375,1,0.9999999999999987,0.00024422752107100407,0.00024422752107100375
PC2,Aromatic bonds count,0.00022201714522751084,1,0.9999999999999987,0.00022201714522751114,0.00022201714522751084
PC2,Zagreb index,0.00020545619848437902,1,0.9999999999999987,0.0002054561984843793,0.00020545619848437902
PC2,Aromatic atoms count,0.00012953900256861955,1,0.9999999999999987,0.0001295390025686197,0.00012953900256861955
PC2,Petitjean number,8.02310521505204e-05,1,0.9999999999999987,8.023105215052051e-05,8.02310521505204e-05
PC2,Autocorrelation (mass),0.00039322558839052476,5,0.9999999999999987,0.0003932255883905253,7.864511767810495e-05
PC2,Fragment complexity,6.058046411832622e-05,1,0.9999999999999987,6.0580464118326303e-05,6.058046411832622e-05
PC2,Rule of five,5.9809611450802435e-05,1,0.9999999999999987,5.9809611450802516e-05,5.9809611450802435e-05
PC2,Weight,5.091945485564834e-06,1,0.9999999999999987,5.091945485564841e-06,5.091945485564834e-06
PC3,Aromatic atoms count,0.019810732136504552,1,0.9999999999999989,0.019810732136504573,0.019810732136504552
PC3,Aromatic bonds count,0.018189095641232993,1,0.9999999999999989,0.018189095641233013,0.018189095641232993
PC3,FMFDescriptor,0.006992608702234449,1,0.9999999999999989,0.006992608702234457,0.006992608702234449
PC3,HybridizationRatioDescriptor,0.006677328820089877,1,0.9999999999999989,0.006677328820089885,0.006677328820089877
PC3,Largest Pi system,0.006450144627888432,1,0.9999999999999989,0.006450144627888439,0.006450144627888432
PC3,Carbon types,0.045846609713816364,9,0.9999999999999989,0.04584660971381641,0.005094067745979596
PC3,Crippen logP and MR,0.009172947221957621,2,0.9999999999999989,0.009172947221957632,0.004586473610978811
PC3,Chi cluster,0.03153464982036011,8,0.9999999999999989,0.031534649820360146,0.003941831227545014
PC3,Bond count,0.03483961734923201,9,0.9999999999999989,0.03483961734923205,0.003871068594359112
PC3,Vertex adjacency information (magnitude),0.00380979663432116,1,0.9999999999999989,0.0038097966343211644,0.00380979663432116
PC3,Molecular distance edge,0.06466035310603638,19,0.9999999999999989,0.06466035310603645,0.0034031764792650725
PC3,Extended topochemical atom,0.1450192815661916,43,0.9999999999999989,0.14501928156619176,0.0033725414317718975
PC3,Mannhold LogP,0.003328973185944755,1,0.9999999999999989,0.003328973185944759,0.003328973185944755
PC3,ALOGP,0.009800018426447213,3,0.9999999999999989,0.009800018426447224,0.003266672808815738
PC3,Largest chain,0.002440747550678937,1,0.9999999999999989,0.0024407475506789396,0.002440747550678937
PC3,Hbond donor count,0.004712848368341325,2,0.9999999999999989,0.00471284836834133,0.0023564241841706624
PC3,Zagreb index,0.001998141738261803,1,0.9999999999999989,0.001998141738261805,0.001998141738261803
PC3,Weighted path,0.008543917519670647,5,0.9999999999999989,0.008543917519670655,0.0017087835039341294
PC3,Atom type electrotopological state,0.45676619560490017,270,0.9999999999999989,0.45676619560490067,0.0016917266503885192
PC3,Molecular linear free energy relation,0.009341533167821915,6,0.9999999999999989,0.009341533167821926,0.0015569221946369859
PC3,Ring count,0.02755203369248612,18,0.9999999999999989,0.027552033692486152,0.0015306685384714512
PC3,Chi path cluster,0.009023307600129035,6,0.9999999999999989,0.009023307600129045,0.0015038846000215058
PC3,RingCountDescriptor,0.015092982792826207,11,0.9999999999999989,0.015092982792826224,0.0013720893448023826
PC3,Chi path,0.020081527796388728,16,0.9999999999999989,0.02008152779638875,0.0012550954872742955
PC3,Weight,0.00099874345897969,1,0.9999999999999989,0.0009987434589796911,0.00099874345897969
PC3,Autocorrelation (polarizability),0.004687120154870467,5,0.9999999999999989,0.004687120154870472,0.0009374240309740934
PC3,Autocorrelation (mass),0.004520755996711597,5,0.9999999999999989,0.004520755996711603,0.0009041511993423195
PC3,Wiener numbers,0.0018074254129312893,2,0.9999999999999989,0.0018074254129312912,0.0009037127064656446
PC3,Topological polar surface area,0.0008589125356750603,1,0.9999999999999989,0.0008589125356750613,0.0008589125356750603
PC3,Hbond acceptor count,0.003303057383840022,4,0.9999999999999989,0.0033030573838400256,0.0008257643459600055
PC3,Rule of five,0.0007559724762266828,1,0.9999999999999989,0.0007559724762266837,0.0007559724762266828
PC3,Fragment complexity,0.0007302741291085213,1,0.9999999999999989,0.0007302741291085221,0.0007302741291085213
PC3,Atom count,0.007614058017004248,13,0.9999999999999989,0.0076140580170042564,0.0005856967705387883
PC3,APol,0.0005397408940435688,1,0.9999999999999989,0.0005397408940435695,0.0005397408940435688
PC3,BCUT,0.003139430756995012,6,0.9999999999999989,0.0031394307569950156,0.0005232384594991687
PC3,McGowan volume,0.0005072166508301814,1,0.9999999999999989,0.000507216650830182,0.0005072166508301814
PC3,Autocorrelation (charge),0.0024496114872265906,5,0.9999999999999989,0.0024496114872265932,0.0004899222974453181
PC3,Basic group count,0.0004326571992301595,1,0.9999999999999989,0.00043265719923016,0.0004326571992301595
PC3,Chi chain,0.003740827583290684,10,0.9999999999999989,0.0037408275832906883,0.0003740827583290684
PC3,Van der Waals volume,0.0003599954122595331,1,0.9999999999999989,0.0003599954122595335,0.0003599954122595331
PC3,Acidic group count,0.0003402863499295603,1,0.9999999999999989,0.00034028634992956067,0.0003402863499295603
PC3,Kappa shape indices,0.0009481467892454363,3,0.9999999999999989,0.0009481467892454374,0.00031604892974847876
PC3,Eccentric connectivity index,0.0002611312385976288,1,0.9999999999999989,0.00026113123859762907,0.0002611312385976288
PC3,Petitjean number,0.00017660483375990605,1,0.9999999999999989,0.00017660483375990624,0.00017660483375990605
PC3,Rotatable bonds count,6.117765301344218e-05,1,0.9999999999999989,6.117765301344224e-05,6.117765301344218e-05
PC3,XLogP,5.889147522012304e-05,1,0.9999999999999989,5.889147522012311e-05,5.889147522012304e-05
PC3,Longest aliphatic chain,2.20726070955591e-05,1,0.9999999999999989,2.2072607095559125e-05,2.20726070955591e-05
PC3,BPol,4.967201514717045e-07,1,0.9999999999999989,4.96720151471705e-07,4.967201514717045e-07
PC4,Chi cluster,0.058109737589291936,8,1.0000000000000002,0.05810973758929192,0.007263717198661492
PC4,Chi path cluster,0.039578311043789456,6,1.0000000000000002,0.03957831104378945,0.006596385173964909
PC4,BCUT,0.02234762692627574,6,1.0000000000000002,0.022347626926275736,0.003724604487712623
PC4,Acidic group count,0.00295598298978312,1,1.0000000000000002,0.002955982989783119,0.00295598298978312
PC4,Basic group count,0.002929347504616948,1,1.0000000000000002,0.0029293475046169477,0.002929347504616948
PC4,Weighted path,0.014630946913596777,5,1.0000000000000002,0.014630946913596773,0.0029261893827193554
PC4,Rotatable bonds count,0.0025305483496895144,1,1.0000000000000002,0.002530548349689514,0.0025305483496895144
PC4,Atom count,0.03243303630830549,13,1.0000000000000002,0.032433036308305484,0.00249484894679273
PC4,Molecular distance edge,0.046060732024778096,19,1.0000000000000002,0.04606073202477809,0.002424249053935689
PC4,Extended topochemical atom,0.10289459788770508,43,1.0000000000000002,0.10289459788770505,0.002392897625295467
PC4,Atom type electrotopological state,0.5726696391529618,270,1.0000000000000002,0.5726696391529617,0.002120998663529488
PC4,Molecular linear free energy relation,0.0125941960183124,6,1.0000000000000002,0.012594196018312397,0.0020990326697187334
PC4,Autocorrelation (charge),0.007448745068496502,5,1.0000000000000002,0.007448745068496501,0.0014897490136993004
PC4,Carbon types,0.012244088666467732,9,1.0000000000000002,0.012244088666467728,0.0013604542962741923
PC4,Wiener numbers,0.002612443882684233,2,1.0000000000000002,0.0026124438826842324,0.0013062219413421164
PC4,Aromatic bonds count,0.001225629231012796,1,1.0000000000000002,0.0012256292310127957,0.001225629231012796
PC4,Fragment complexity,0.0011784987146922514,1,1.0000000000000002,0.0011784987146922512,0.0011784987146922514
PC4,Kappa shape indices,0.003407333741819331,3,1.0000000000000002,0.00340733374181933,0.001135777913939777
PC4,Hbond acceptor count,0.004228758392255953,4,1.0000000000000002,0.0042287583922559525,0.0010571895980639884
PC4,Largest chain,0.0010494543978289566,1,1.0000000000000002,0.0010494543978289564,0.0010494543978289566
PC4,ALOGP,0.0030999458891153454,3,1.0000000000000002,0.0030999458891153445,0.0010333152963717819
PC4,RingCountDescriptor,0.010192675966982095,11,1.0000000000000002,0.010192675966982093,0.0009266069060892814
PC4,FMFDescriptor,0.0009219822265998644,1,1.0000000000000002,0.0009219822265998642,0.0009219822265998644
PC4,Autocorrelation (polarizability),0.004384444525974035,5,1.0000000000000002,0.004384444525974034,0.000876888905194807
PC4,Aromatic atoms count,0.00086889508560491,1,1.0000000000000002,0.0008688950856049098,0.00086889508560491
PC4,Eccentric connectivity index,0.000801708608219753,1,1.0000000000000002,0.0008017086082197528,0.000801708608219753
PC4,Topological polar surface area,0.0007999839695081733,1,1.0000000000000002,0.0007999839695081731,0.0007999839695081733
PC4,Ring count,0.012265966978481617,18,1.0000000000000002,0.012265966978481613,0.0006814426099156453
PC4,Chi chain,0.0063415220950882294,10,1.0000000000000002,0.006341522095088228,0.000634152209508823
PC4,Chi path,0.009703640194631168,16,1.0000000000000002,0.009703640194631167,0.000606477512164448
PC4,BPol,0.00045727171377717607,1,1.0000000000000002,0.00045727171377717596,0.00045727171377717607
PC4,Autocorrelation (mass),0.0019330577028650324,5,1.0000000000000002,0.001933057702865032,0.00038661154057300647
PC4,Rule of five,0.00035738340143780765,1,1.0000000000000002,0.0003573834014378076,0.00035738340143780765
PC4,Crippen logP and MR,0.0005900420788285796,2,1.0000000000000002,0.0005900420788285794,0.0002950210394142898
PC4,Bond count,0.0025330915354604177,9,1.0000000000000002,0.0025330915354604172,0.0002814546150511575
PC4,McGowan volume,0.0002577253027491194,1,1.0000000000000002,0.00025772530274911933,0.0002577253027491194
PC4,Hbond donor count,0.00045978158217553985,2,1.0000000000000002,0.00045978158217553974,0.00022989079108776993
PC4,APol,0.00020105744758931054,1,1.0000000000000002,0.0002010574475893105,0.00020105744758931054
PC4,XLogP,0.00015355708300606894,1,1.0000000000000002,0.00015355708300606892,0.00015355708300606894
PC4,Zagreb index,0.00014829841669867561,1,1.0000000000000002,0.0001482984166986756,0.00014829841669867561
PC4,HybridizationRatioDescriptor,0.00011145993451541891,1,1.0000000000000002,0.00011145993451541888,0.00011145993451541891
PC4,Vertex adjacency information (magnitude),9.194692089852413e-05,1,1.0000000000000002,9.194692089852411e-05,9.194692089852413e-05
PC4,Mannhold LogP,6.176305226354443e-05,1,1.0000000000000002,6.176305226354442e-05,6.176305226354443e-05
PC4,Petitjean number,3.4442564709334e-05,1,1.0000000000000002,3.4442564709333995e-05,3.4442564709334e-05
PC4,Van der Waals volume,3.296468412753798e-05,1,1.0000000000000002,3.296468412753797e-05,3.296468412753798e-05
PC4,Weight,2.58659813039544e-05,1,1.0000000000000002,2.5865981303954392e-05,2.58659813039544e-05
PC4,Largest Pi system,2.4593717272647354e-05,1,1.0000000000000002,2.4593717272647347e-05,2.4593717272647354e-05
PC4,Longest aliphatic chain,1.527653575220829e-05,1,1.0000000000000002,1.5276535752208287e-05,1.527653575220829e-05
PC5,Chi chain,0.07149998084442813,10,1.0000000000000018,0.071499980844428,0.007149998084442813
PC5,RingCountDescriptor,0.06138526838885162,11,1.0000000000000018,0.061385268388851506,0.0055804789444410564
PC5,BCUT,0.02541995353690121,6,1.0000000000000018,0.025419953536901164,0.004236658922816868
PC5,Hbond donor count,0.008429356464796516,2,1.0000000000000018,0.0084293564647965,0.004214678232398258
PC5,FMFDescriptor,0.003926691033014267,1,1.0000000000000018,0.00392669103301426,0.003926691033014267
PC5,Ring count,0.065427190951871,18,1.0000000000000018,0.06542719095187088,0.0036348439417706107
PC5,Basic group count,0.003293006204538136,1,1.0000000000000018,0.00329300620453813,0.003293006204538136
PC5,Chi path cluster,0.014328430979594287,6,1.0000000000000018,0.014328430979594261,0.0023880718299323814
PC5,Molecular linear free energy relation,0.013278697898515872,6,1.0000000000000018,0.013278697898515848,0.002213116316419312
PC5,Weighted path,0.010505050721331117,5,1.0000000000000018,0.010505050721331097,0.0021010101442662235
PC5,Atom type electrotopological state,0.5251056063895918,270,1.0000000000000018,0.5251056063895909,0.0019448355792207105
PC5,Extended topochemical atom,0.07504669989185113,43,1.0000000000000018,0.07504669989185099,0.0017452720905081658
PC5,Chi cluster,0.012478009885344078,8,1.0000000000000018,0.012478009885344055,0.0015597512356680097
PC5,Longest aliphatic chain,0.0015461490501332744,1,1.0000000000000018,0.0015461490501332716,0.0015461490501332744
PC5,Mannhold LogP,0.0014602718956405955,1,1.0000000000000018,0.001460271895640593,0.0014602718956405955
PC5,Fragment complexity,0.001426884908320829,1,1.0000000000000018,0.0014268849083208263,0.001426884908320829
PC5,Rule of five,0.0013146774600296032,1,1.0000000000000018,0.0013146774600296008,0.0013146774600296032
PC5,Hbond acceptor count,0.005173563177219066,4,1.0000000000000018,0.005173563177219056,0.0012933907943047664
PC5,Autocorrelation (mass),0.006353437107301318,5,1.0000000000000018,0.006353437107301307,0.0012706874214602636
PC5,Molecular distance edge,0.0240489926649744,19,1.0000000000000018,0.02404899266497436,0.0012657364560512841
PC5,Largest Pi system,0.0012471074318949138,1,1.0000000000000018,0.0012471074318949117,0.0012471074318949138
PC5,Bond count,0.011049703699411141,9,1.0000000000000018,0.011049703699411122,0.0012277448554901269
PC5,Atom count,0.015794589812945015,13,1.0000000000000018,0.015794589812944987,0.0012149684471496165
PC5,Aromatic bonds count,0.0012042953355737764,1,1.0000000000000018,0.0012042953355737743,0.0012042953355737764
PC5,Autocorrelation (charge),0.005758290118619217,5,1.0000000000000018,0.005758290118619207,0.0011516580237238435
PC5,Carbon types,0.009380157580117406,9,1.0000000000000018,0.009380157580117388,0.0010422397311241562
PC5,XLogP,0.0009711139518116932,1,1.0000000000000018,0.0009711139518116914,0.0009711139518116932
PC5,Kappa shape indices,0.002661077031826113,3,1.0000000000000018,0.002661077031826108,0.0008870256772753709
PC5,Autocorrelation (polarizability),0.0040311297457760195,5,1.0000000000000018,0.004031129745776013,0.0008062259491552039
PC5,Largest chain,0.0007658747004875521,1,1.0000000000000018,0.0007658747004875507,0.0007658747004875521
PC5,Acidic group count,0.0007637358577142508,1,1.0000000000000018,0.0007637358577142494,0.0007637358577142508
PC5,Aromatic atoms count,0.0007016806709664832,1,1.0000000000000018,0.000701680670966482,0.0007016806709664832
PC5,Chi path,0.009142890276875048,16,1.0000000000000018,0.009142890276875032,0.0005714306423046905
PC5,Rotatable bonds count,0.00047206513785634876,1,1.0000000000000018,0.00047206513785634795,0.00047206513785634876
PC5,Wiener numbers,0.0008372643601218305,2,1.0000000000000018,0.000837264360121829,0.00041863218006091523
PC5,BPol,0.0004092035328590818,1,1.0000000000000018,0.0004092035328590811,0.0004092035328590818
PC5,ALOGP,0.0011530165450714758,3,1.0000000000000018,0.0011530165450714738,0.0003843388483571586
PC5,Zagreb index,0.00037539687965722153,1,1.0000000000000018,0.0003753968796572209,0.00037539687965722153
PC5,Van der Waals volume,0.00032009653232986093,1,1.0000000000000018,0.0003200965323298604,0.00032009653232986093
PC5,APol,0.00027303828618185564,1,1.0000000000000018,0.00027303828618185515,0.00027303828618185564
PC5,Topological polar surface area,0.00023977542192643863,1,1.0000000000000018,0.0002397754219264382,0.00023977542192643863
PC5,Eccentric connectivity index,0.00023971967477293767,1,1.0000000000000018,0.00023971967477293723,0.00023971967477293767
PC5,Vertex adjacency information (magnitude),0.00022292196684921075,1,1.0000000000000018,0.00022292196684921034,0.00022292196684921075
PC5,McGowan volume,0.0002173331940485424,1,1.0000000000000018,0.00021733319404854202,0.0002173331940485424
PC5,HybridizationRatioDescriptor,0.00013972101469308444,1,1.0000000000000018,0.0001397210146930842,0.00013972101469308444
PC5,Weight,8.12675765725778e-05,1,1.0000000000000018,8.126757657257765e-05,8.12675765725778e-05
PC5,Crippen logP and MR,9.954595303874442e-05,2,1.0000000000000018,9.954595303874425e-05,4.977297651937221e-05
PC5,Petitjean number,6.825575564458003e-08,1,1.0000000000000018,6.825575564457991e-08,6.825575564458003e-08
PC6,FMFDescriptor,0.007851312993317882,1,0.9999999999999998,0.007851312993317884,0.007851312993317882
PC6,Hbond donor count,0.014825960155750018,2,0.9999999999999998,0.014825960155750021,0.007412980077875009
PC6,Longest aliphatic chain,0.006323794623064603,1,0.9999999999999998,0.006323794623064605,0.006323794623064603
PC6,Aromatic bonds count,0.004796598868942722,1,0.9999999999999998,0.0047965988689427225,0.004796598868942722
PC6,Molecular linear free energy relation,0.02257756947886498,6,0.9999999999999998,0.022577569478864985,0.003762928246477497
PC6,Autocorrelation (charge),0.018005841747575753,5,0.9999999999999998,0.018005841747575756,0.0036011683495151504
PC6,HybridizationRatioDescriptor,0.0035001096239863825,1,0.9999999999999998,0.0035001096239863833,0.0035001096239863825
PC6,Weighted path,0.015003975007383758,5,0.9999999999999998,0.015003975007383761,0.0030007950014767516
PC6,Chi chain,0.029803703195547697,10,0.9999999999999998,0.029803703195547704,0.0029803703195547698
PC6,Rotatable bonds count,0.0028372437467450644,1,0.9999999999999998,0.002837243746745065,0.0028372437467450644
PC6,RingCountDescriptor,0.0292859394449955,11,0.9999999999999998,0.029285939444995506,0.0026623581313632272
PC6,BPol,0.0025208893289852224,1,0.9999999999999998,0.002520889328985223,0.0025208893289852224
PC6,Aromatic atoms count,0.002460020783453467,1,0.9999999999999998,0.0024600207834534673,0.002460020783453467
PC6,BCUT,0.01333232822354579,6,0.9999999999999998,0.013332328223545794,0.0022220547039242984
PC6,Atom type electrotopological state,0.5922566221826511,270,0.9999999999999998,0.5922566221826512,0.00219354304512093
PC6,Extended topochemical atom,0.09383301862380453,43,0.9999999999999998,0.09383301862380455,0.0021821632238094076
PC6,Carbon types,0.018697170269097577,9,0.9999999999999998,0.01869717026909758,0.002077463363233064
PC6,Largest Pi system,0.0018892919491651822,1,0.9999999999999998,0.0018892919491651826,0.0018892919491651822
PC6,Ring count,0.033936230191471316,18,0.9999999999999998,0.03393623019147132,0.0018853461217484065
PC6,Chi path cluster,0.010778871903535901,6,0.9999999999999998,0.010778871903535903,0.0017964786505893168
PC6,Bond count,0.01307046628969687,9,0.9999999999999998,0.013070466289696873,0.001452274032188541
PC6,Wiener numbers,0.0025915623566635754,2,0.9999999999999998,0.002591562356663576,0.0012957811783317877
PC6,Largest chain,0.0012050613843505053,1,0.9999999999999998,0.0012050613843505055,0.0012050613843505053
PC6,Molecular distance edge,0.01949342557691834,19,0.9999999999999998,0.019493425576918345,0.0010259697672062285
PC6,ALOGP,0.0026380386205440585,3,0.9999999999999998,0.002638038620544059,0.0008793462068480195
PC6,Chi path,0.012134381624449589,16,0.9999999999999998,0.012134381624449592,0.0007583988515280993
PC6,Fragment complexity,0.0007216441333201837,1,0.9999999999999998,0.0007216441333201838,0.0007216441333201837
PC6,Kappa shape indices,0.002116034722965048,3,0.9999999999999998,0.0021160347229650486,0.000705344907655016
PC6,Basic group count,0.0006259014451436965,1,0.9999999999999998,0.0006259014451436966,0.0006259014451436965
PC6,Chi cluster,0.004727619353485603,8,0.9999999999999998,0.004727619353485604,0.0005909524191857004
PC6,Vertex adjacency information (magnitude),0.0005859699057191492,1,0.9999999999999998,0.0005859699057191493,0.0005859699057191492
PC6,Atom count,0.006913178190668108,13,0.9999999999999998,0.00691317819066811,0.0005317829377437006
PC6,Rule of five,0.0004966020067849334,1,0.9999999999999998,0.0004966020067849335,0.0004966020067849334
PC6,Hbond acceptor count,0.0018517433238056972,4,0.9999999999999998,0.0018517433238056976,0.0004629358309514243
PC6,Acidic group count,0.0004340001079510737,1,0.9999999999999998,0.0004340001079510738,0.0004340001079510737
PC6,Van der Waals volume,0.00042778249243589765,1,0.9999999999999998,0.00042778249243589775,0.00042778249243589765
PC6,Autocorrelation (polarizability),0.002028406831788413,5,0.9999999999999998,0.0020284068317884133,0.00040568136635768255
PC6,XLogP,0.00036477755795304156,1,0.9999999999999998,0.0003647775579530416,0.00036477755795304156
PC6,Topological polar surface area,0.0003094127593399054,1,0.9999999999999998,0.0003094127593399055,0.0003094127593399054
PC6,McGowan volume,0.00024813376393565295,1,0.9999999999999998,0.000248133763935653,0.00024813376393565295
PC6,Autocorrelation (mass),0.001204188664362919,5,0.9999999999999998,0.0012041886643629192,0.00024083773287258378
PC6,Mannhold LogP,0.00023996994486888044,1,0.9999999999999998,0.0002399699448688805,0.00023996994486888044
PC6,Weight,0.00023328319406489876,1,0.9999999999999998,0.00023328319406489882,0.00023328319406489876
PC6,Eccentric connectivity index,0.00016381421321093974,1,0.9999999999999998,0.00016381421321093976,0.00016381421321093974
PC6,APol,0.0001472362001202634,1,0.9999999999999998,0.00014723620012026343,0.0001472362001202634
PC6,Zagreb index,0.00014193574132755738,1,0.9999999999999998,0.0001419357413275574,0.00014193574132755738
PC6,Crippen logP and MR,0.00027052212428474155,2,0.9999999999999998,0.0002705221242847416,0.00013526106214237078
PC6,Petitjean number,9.841512795589066e-05,1,0.9999999999999998,9.841512795589069e-05,9.841512795589066e-05
PC7,Acidic group count,0.011044357143260235,1,0.9999999999999996,0.01104435714326024,0.011044357143260235
PC7,XLogP,0.010861471999942425,1,0.9999999999999996,0.01086147199994243,0.010861471999942425
PC7,ALOGP,0.01551751539277822,3,0.9999999999999996,0.015517515392778227,0.005172505130926074
PC7,FMFDescriptor,0.004024378989017504,1,0.9999999999999996,0.004024378989017505,0.004024378989017504
PC7,Longest aliphatic chain,0.003542230113294421,1,0.9999999999999996,0.003542230113294423,0.003542230113294421
PC7,Weighted path,0.016809373420530675,5,0.9999999999999996,0.016809373420530682,0.003361874684106135
PC7,RingCountDescriptor,0.03631124620212539,11,0.9999999999999996,0.036311246202125405,0.0033010223820113993
PC7,Rule of five,0.0029870848200378936,1,0.9999999999999996,0.002987084820037895,0.0029870848200378936
PC7,Molecular distance edge,0.052817730657225566,19,0.9999999999999996,0.05281773065722559,0.0027798805609066087
PC7,Extended topochemical atom,0.11186091380058034,43,0.9999999999999996,0.1118609138005804,0.0026014166000134964
PC7,Largest chain,0.0024368303222352923,1,0.9999999999999996,0.002436830322235293,0.0024368303222352923
PC7,Ring count,0.04100205880777129,18,0.9999999999999996,0.04100205880777131,0.002277892155987294
PC7,Atom type electrotopological state,0.5920686937389564,270,0.9999999999999996,0.5920686937389567,0.002192847013847987
PC7,Aromatic bonds count,0.0021619267222560625,1,0.9999999999999996,0.0021619267222560633,0.0021619267222560625
PC7,Aromatic atoms count,0.0019493197363463267,1,0.9999999999999996,0.0019493197363463276,0.0019493197363463267
PC7,Mannhold LogP,0.0019461098914656026,1,0.9999999999999996,0.0019461098914656035,0.0019461098914656026
PC7,Rotatable bonds count,0.0018632490236430341,1,0.9999999999999996,0.001863249023643035,0.0018632490236430341
PC7,Crippen logP and MR,0.0033454981777141127,2,0.9999999999999996,0.003345498177714114,0.0016727490888570563
PC7,Autocorrelation (charge),0.008294891166259597,5,0.9999999999999996,0.0082948911662596,0.0016589782332519193
PC7,Largest Pi system,0.0016546502450884022,1,0.9999999999999996,0.0016546502450884028,0.0016546502450884022
PC7,HybridizationRatioDescriptor,0.0014770161808006163,1,0.9999999999999996,0.001477016180800617,0.0014770161808006163
PC7,Kappa shape indices,0.004178885073079838,3,0.9999999999999996,0.00417888507307984,0.0013929616910266127
PC7,Hbond acceptor count,0.005499030823253516,4,0.9999999999999996,0.0054990308232535185,0.001374757705813379
PC7,Bond count,0.010619808009869185,9,0.9999999999999996,0.01061980800986919,0.0011799786677632429
PC7,BCUT,0.006163090596393447,6,0.9999999999999996,0.00616309059639345,0.0010271817660655745
PC7,Chi chain,0.009483037937528927,10,0.9999999999999996,0.009483037937528931,0.0009483037937528928
PC7,Carbon types,0.00754813477881387,9,0.9999999999999996,0.007548134778813873,0.00083868164209043
PC7,Atom count,0.01010422257337058,13,0.9999999999999996,0.010104222573370585,0.0007772478902592754
PC7,Chi path,0.008265244228079309,16,0.9999999999999996,0.008265244228079312,0.0005165777642549568
PC7,Molecular linear free energy relation,0.0030445861408359763,6,0.9999999999999996,0.0030445861408359776,0.0005074310234726628
PC7,McGowan volume,0.0005055765338135259,1,0.9999999999999996,0.0005055765338135261,0.0005055765338135259
PC7,Chi cluster,0.0038995603670138,8,0.9999999999999996,0.0038995603670138016,0.000487445045876725
PC7,Van der Waals volume,0.0003772770536990008,1,0.9999999999999996,0.00037727705369900095,0.0003772770536990008
PC7,Chi path cluster,0.002194672171052653,6,0.9999999999999996,0.0021946721710526538,0.00036577869517544215
PC7,Autocorrelation (mass),0.0017947327808029686,5,0.9999999999999996,0.0017947327808029694,0.0003589465561605937
PC7,Topological polar surface area,0.00035093952967860136,1,0.9999999999999996,0.0003509395296786015,0.00035093952967860136
PC7,APol,0.0003337424158404499,1,0.9999999999999996,0.00033374241584045006,0.0003337424158404499
PC7,Hbond donor count,0.0004132105419920554,2,0.9999999999999996,0.0004132105419920556,0.0002066052709960277
PC7,Basic group count,0.00020551858794586148,1,0.9999999999999996,0.00020551858794586156,0.00020551858794586148
PC7,Wiener numbers,0.0003347811487460262,2,0.9999999999999996,0.0003347811487460264,0.0001673905743730131
PC7,Fragment complexity,0.00012074717279750344,1,0.9999999999999996,0.0001207471727975035,0.00012074717279750344
PC7,Vertex adjacency information (magnitude),9.750853613976255e-05,1,0.9999999999999996,9.750853613976259e-05,9.750853613976255e-05
PC7,Autocorrelation (polarizability),0.0003536928350829923,5,0.9999999999999996,0.00035369283508299246,7.073856701659845e-05
PC7,Petitjean number,4.481620602925419e-05,1,0.9999999999999996,4.481620602925421e-05,4.481620602925419e-05
PC7,Eccentric connectivity index,3.768519521163735e-05,1,0.9999999999999996,3.7685195211637364e-05,3.768519521163735e-05
PC7,Weight,2.653536010331175e-05,1,0.9999999999999996,2.653536010331176e-05,2.653536010331175e-05
PC7,Zagreb index,2.2146488632956672e-05,1,0.9999999999999996,2.2146488632956682e-05,2.2146488632956672e-05
PC7,BPol,4.270362863156863e-06,1,0.9999999999999996,4.270362863156865e-06,4.270362863156863e-06
PC8,Carbon types,0.06945675718107625,9,1.0000000000000002,0.06945675718107623,0.007717417464564027
PC8,Bond count,0.04667669750765651,9,1.0000000000000002,0.0466766975076565,0.005186299723072945
PC8,Atom type electrotopological state,0.7699001789118262,270,1.0000000000000002,0.7699001789118259,0.0028514821441178746
PC8,Hbond donor count,0.004413087785488218,2,1.0000000000000002,0.0044130877854882174,0.002206543892744109
PC8,RingCountDescriptor,0.013306225568208884,11,1.0000000000000002,0.01330622556820888,0.0012096568698371712
PC8,Molecular linear free energy relation,0.006743994885430068,6,1.0000000000000002,0.006743994885430067,0.001123999147571678
PC8,Molecular distance edge,0.020330138823637087,19,1.0000000000000002,0.020330138823637083,0.001070007306507215
PC8,FMFDescriptor,0.0010126019841791083,1,1.0000000000000002,0.0010126019841791081,0.0010126019841791083
PC8,Ring count,0.01479981376033089,18,1.0000000000000002,0.014799813760330887,0.0008222118755739383
PC8,Autocorrelation (charge),0.0040169664869297685,5,1.0000000000000002,0.004016966486929768,0.0008033932973859537
PC8,Vertex adjacency information (magnitude),0.0006018718041283198,1,1.0000000000000002,0.0006018718041283197,0.0006018718041283198
PC8,Hbond acceptor count,0.002364577345510446,4,1.0000000000000002,0.0023645773455104454,0.0005911443363776115
PC8,XLogP,0.0005771599942771232,1,1.0000000000000002,0.0005771599942771231,0.0005771599942771232
PC8,Extended topochemical atom,0.02470314412082778,43,1.0000000000000002,0.024703144120827775,0.000574491723740181
PC8,Weighted path,0.0025053234676247673,5,1.0000000000000002,0.002505323467624767,0.0005010646935249535
PC8,Chi cluster,0.003562918708175329,8,1.0000000000000002,0.0035629187081753283,0.00044536483852191614
PC8,Atom count,0.005385386307291935,13,1.0000000000000002,0.005385386307291934,0.0004142604851763027
PC8,Acidic group count,0.0003661604359372672,1,1.0000000000000002,0.00036616043593726716,0.0003661604359372672
PC8,BCUT,0.0017318415622812828,6,1.0000000000000002,0.0017318415622812823,0.0002886402603802138
PC8,ALOGP,0.0006792670276133606,3,1.0000000000000002,0.0006792670276133605,0.00022642234253778687
PC8,Chi chain,0.0021560896799184734,10,1.0000000000000002,0.002156089679918473,0.00021560896799184735
PC8,Fragment complexity,0.00020778674712224992,1,1.0000000000000002,0.00020778674712224987,0.00020778674712224992
PC8,Topological polar surface area,0.0001719710492789894,1,1.0000000000000002,0.00017197104927898937,0.0001719710492789894
PC8,Autocorrelation (mass),0.0008337754075427257,5,1.0000000000000002,0.0008337754075427255,0.00016675508150854515
PC8,Rule of five,0.00013193923569991756,1,1.0000000000000002,0.00013193923569991754,0.00013193923569991756
PC8,Wiener numbers,0.00025238866179112774,2,1.0000000000000002,0.0002523886617911277,0.00012619433089556387
PC8,Zagreb index,0.00011736651626624395,1,1.0000000000000002,0.00011736651626624392,0.00011736651626624395
PC8,Chi path cluster,0.0007041935458164539,6,1.0000000000000002,0.0007041935458164538,0.00011736559096940897
PC8,BPol,0.00011591140607522693,1,1.0000000000000002,0.0001159114060752269,0.00011591140607522693
PC8,Kappa shape indices,0.00033306182217047645,3,1.0000000000000002,0.0003330618221704764,0.00011102060739015882
PC8,Van der Waals volume,9.029734756683605e-05,1,1.0000000000000002,9.029734756683604e-05,9.029734756683605e-05
PC8,Longest aliphatic chain,8.181261724514835e-05,1,1.0000000000000002,8.181261724514834e-05,8.181261724514835e-05
PC8,Weight,8.1523277876237e-05,1,1.0000000000000002,8.152327787623699e-05,8.1523277876237e-05
PC8,Chi path,0.001075685147259277,16,1.0000000000000002,0.0010756851472592769,6.723032170370482e-05
PC8,Largest chain,6.502919546475547e-05,1,1.0000000000000002,6.502919546475546e-05,6.502919546475547e-05
PC8,Largest Pi system,5.821417996652184e-05,1,1.0000000000000002,5.8214179966521823e-05,5.821417996652184e-05
PC8,McGowan volume,5.3546925983797546e-05,1,1.0000000000000002,5.354692598379753e-05,5.3546925983797546e-05
PC8,Eccentric connectivity index,4.775982631744778e-05,1,1.0000000000000002,4.775982631744777e-05,4.775982631744778e-05
PC8,Basic group count,4.2778295657165284e-05,1,1.0000000000000002,4.277829565716528e-05,4.2778295657165284e-05
PC8,Mannhold LogP,3.251494800132581e-05,1,1.0000000000000002,3.2514948001325804e-05,3.251494800132581e-05
PC8,APol,2.640817530324619e-05,1,1.0000000000000002,2.6408175303246185e-05,2.640817530324619e-05
PC8,Crippen logP and MR,4.702075552158676e-05,2,1.0000000000000002,4.702075552158675e-05,2.351037776079338e-05
PC8,Autocorrelation (polarizability),0.00010746335161003441,5,1.0000000000000002,0.00010746335161003438,2.1492670322006883e-05
PC8,HybridizationRatioDescriptor,1.3662285903187906e-05,1,1.0000000000000002,1.3662285903187903e-05,1.3662285903187906e-05
PC8,Aromatic bonds count,1.2726160782397334e-05,1,1.0000000000000002,1.2726160782397331e-05,1.2726160782397334e-05
PC8,Aromatic atoms count,2.889210670985273e-06,1,1.0000000000000002,2.8892106709852723e-06,2.889210670985273e-06
PC8,Petitjean number,1.965286489694881e-06,1,1.0000000000000002,1.9652864896948805e-06,1.965286489694881e-06
PC8,Rotatable bonds count,1.0527226814192861e-07,1,1.0000000000000002,1.0527226814192859e-07,1.0527226814192861e-07
PC9,XLogP,0.006652805330708033,1,0.9999999999999999,0.006652805330708034,0.006652805330708033
PC9,Atom count,0.06886031811961237,13,0.9999999999999999,0.06886031811961238,0.00529694754766249
PC9,Topological polar surface area,0.004774839328304159,1,0.9999999999999999,0.00477483932830416,0.004774839328304159
PC9,FMFDescriptor,0.0036326857501115684,1,0.9999999999999999,0.003632685750111569,0.0036326857501115684
PC9,Longest aliphatic chain,0.0029989207275712914,1,0.9999999999999999,0.002998920727571292,0.0029989207275712914
PC9,Atom type electrotopological state,0.7088900708953457,270,0.9999999999999999,0.7088900708953458,0.002625518781093873
PC9,Rule of five,0.0024107039579458894,1,0.9999999999999999,0.00241070395794589,0.0024107039579458894
PC9,Chi chain,0.021989871459009498,10,0.9999999999999999,0.0219898714590095,0.0021989871459009496
PC9,Weighted path,0.010225064441276856,5,0.9999999999999999,0.010225064441276858,0.0020450128882553713
PC9,Autocorrelation (charge),0.00871059261194236,5,0.9999999999999999,0.008710592611942361,0.0017421185223884719
PC9,Carbon types,0.014804535733499439,9,0.9999999999999999,0.01480453573349944,0.001644948414833271
PC9,Rotatable bonds count,0.001567381993418966,1,0.9999999999999999,0.0015673819934189663,0.001567381993418966
PC9,Bond count,0.013976564795436413,9,0.9999999999999999,0.013976564795436415,0.0015529516439373792
PC9,Largest chain,0.001461268416660331,1,0.9999999999999999,0.0014612684166603312,0.001461268416660331
PC9,BCUT,0.008563949212396746,6,0.9999999999999999,0.008563949212396747,0.001427324868732791
PC9,Crippen logP and MR,0.002636474842560865,2,0.9999999999999999,0.0026364748425608655,0.0013182374212804325
PC9,Molecular distance edge,0.024315705943784762,19,0.9999999999999999,0.024315705943784766,0.0012797739970413034
PC9,Molecular linear free energy relation,0.007392179621382287,6,0.9999999999999999,0.007392179621382288,0.001232029936897048
PC9,Aromatic bonds count,0.0011656130491679957,1,0.9999999999999999,0.0011656130491679959,0.0011656130491679957
PC9,RingCountDescriptor,0.011495282081089292,11,0.9999999999999999,0.011495282081089294,0.0010450256437353903
PC9,Mannhold LogP,0.0009292538694724594,1,0.9999999999999999,0.0009292538694724595,0.0009292538694724594
PC9,Chi cluster,0.007312267937692343,8,0.9999999999999999,0.007312267937692344,0.0009140334922115429
PC9,Kappa shape indices,0.0026373638415448154,3,0.9999999999999999,0.002637363841544816,0.0008791212805149385
PC9,Ring count,0.015540088159382093,18,0.9999999999999999,0.015540088159382095,0.000863338231076783
PC9,Aromatic atoms count,0.0007448783871188405,1,0.9999999999999999,0.0007448783871188406,0.0007448783871188405
PC9,Hbond acceptor count,0.002761153248792403,4,0.9999999999999999,0.0027611532487924035,0.0006902883121981008
PC9,Largest Pi system,0.0006522349454368393,1,0.9999999999999999,0.0006522349454368394,0.0006522349454368393
PC9,Extended topochemical atom,0.026713476247876414,43,0.9999999999999999,0.026713476247876417,0.0006212436336715445
PC9,HybridizationRatioDescriptor,0.0006090895560399173,1,0.9999999999999999,0.0006090895560399174,0.0006090895560399173
PC9,ALOGP,0.001592952602880467,3,0.9999999999999999,0.0015929526028804672,0.0005309842009601557
PC9,Chi path cluster,0.0029908653855716632,6,0.9999999999999999,0.0029908653855716637,0.0004984775642619439
PC9,Fragment complexity,0.0004948301879929204,1,0.9999999999999999,0.0004948301879929205,0.0004948301879929204
PC9,BPol,0.00042355485727262613,1,0.9999999999999999,0.0004235548572726262,0.00042355485727262613
PC9,Chi path,0.005855086825286272,16,0.9999999999999999,0.005855086825286273,0.000365942926580392
PC9,Autocorrelation (polarizability),0.001426227064588295,5,0.9999999999999999,0.0014262270645882952,0.000285245412917659
PC9,Autocorrelation (mass),0.0012030383748823231,5,0.9999999999999999,0.0012030383748823233,0.00024060767497646464
PC9,APol,0.00023783004362052336,1,0.9999999999999999,0.0002378300436205234,0.00023783004362052336
PC9,McGowan volume,0.00023308186111854813,1,0.9999999999999999,0.00023308186111854816,0.00023308186111854813
PC9,Van der Waals volume,0.00019390462645753722,1,0.9999999999999999,0.00019390462645753724,0.00019390462645753722
PC9,Hbond donor count,0.00036054174443734264,2,0.9999999999999999,0.0003605417444373427,0.00018027087221867132
PC9,Acidic group count,0.00016612286772589477,1,0.9999999999999999,0.0001661228677258948,0.00016612286772589477
PC9,Vertex adjacency information (magnitude),0.00011118397315618076,1,0.9999999999999999,0.00011118397315618077,0.00011118397315618076
PC9,Eccentric connectivity index,8.485277458242304e-05,1,0.9999999999999999,8.485277458242306e-05,8.485277458242304e-05
PC9,Wiener numbers,0.00014284729654918618,2,0.9999999999999999,0.0001428472965491862,7.142364827459309e-05
PC9,Weight,3.454659605517732e-05,1,0.9999999999999999,3.454659605517733e-05,3.454659605517732e-05
PC9,Petitjean number,1.4032006525121208e-05,1,0.9999999999999999,1.403200652512121e-05,1.4032006525121208e-05
PC9,Zagreb index,9.520915966677191e-06,1,0.9999999999999999,9.520915966677193e-06,9.520915966677191e-06
PC9,Basic group count,3.4549074979843964e-07,1,0.9999999999999999,3.454907497984397e-07,3.4549074979843964e-07
