descriptor,coefficient_standardised_X,abs_coefficient_standardised_X
nAcid,-0.05459450031751099,0.05459450031751099
ALogP,0.021057309146913828,0.021057309146913828
ALogp2,-0.03500848957465714,0.03500848957465714
AMR,0.017634933281442555,0.017634933281442555
apol,-0.00297066211434066,0.00297066211434066
naAromAtom,0.004221450811403925,0.004221450811403925
nAromBond,-0.0019653198873167107,0.0019653198873167107
nAtom,-0.004273490241135686,0.004273490241135686
nHeavyAtom,0.007936563979372115,0.007936563979372115
nH,-0.013120776651302261,0.013120776651302261
nC,0.016918044144624084,0.016918044144624084
nN,-0.039511720572693705,0.039511720572693705
nO,0.015729495468535616,0.015729495468535616
nS,-0.06529668284295384,0.06529668284295384
nP,0.005849105229304109,0.005849105229304109
nF,0.059239300377171164,0.059239300377171164
nCl,-0.008593949186987988,0.008593949186987988
nBr,-0.02035966195707195,0.02035966195707195
nI,0.010580061972779454,0.010580061972779454
nX,0.04386481503980349,0.04386481503980349
ATSc1,-0.07939478183260562,0.07939478183260562
ATSc2,0.019816652850972154,0.019816652850972154
ATSc3,0.07141748455293877,0.07141748455293877
ATSc4,0.09811216982759954,0.09811216982759954
ATSc5,-0.016855329344142175,0.016855329344142175
ATSm1,-0.016882322540160033,0.016882322540160033
ATSm2,-0.005971506468074106,0.005971506468074106
ATSm3,0.025895373905999115,0.025895373905999115
ATSm4,0.029138548742162054,0.029138548742162054
ATSm5,0.15082167731281096,0.15082167731281096
ATSp1,-0.02901023708992336,0.02901023708992336
ATSp2,-0.04039958294138994,0.04039958294138994
ATSp3,-0.06403052577860441,0.06403052577860441
ATSp4,-0.06009092300117729,0.06009092300117729
ATSp5,-0.12531700813791868,0.12531700813791868
nBase,-0.013852439213357019,0.013852439213357019
BCUTw-1l,-0.04139159151487927,0.04139159151487927
BCUTw-1h,0.12123924917899115,0.12123924917899115
BCUTc-1l,0.03801902067629615,0.03801902067629615
BCUTc-1h,-0.0663233931235072,0.0663233931235072
BCUTp-1l,0.0016151569020717033,0.0016151569020717033
BCUTp-1h,0.18539079768181296,0.18539079768181296
nBonds,0.00930232550000725,0.00930232550000725
nBonds2,-0.003205512746259939,0.003205512746259939
nBondsS,-0.010255616300562626,0.010255616300562626
nBondsS2,-0.006440830449389657,0.006440830449389657
nBondsS3,0.003294778024978931,0.003294778024978931
nBondsD,0.04763266304767743,0.04763266304767743
nBondsD2,0.04600070719266853,0.04600070719266853
nBondsT,-0.0108805576956473,0.0108805576956473
nBondsM,0.010387990492405071,0.010387990492405071
bpol,-0.040324445279771914,0.040324445279771914
C1SP1,-0.01151781092625626,0.01151781092625626
C2SP1,0.023812218936650083,0.023812218936650083
C1SP2,-0.05247881401448448,0.05247881401448448
C2SP2,-0.0030593267538015076,0.0030593267538015076
C3SP2,0.2194645632451851,0.2194645632451851
C1SP3,0.1904799604615939,0.1904799604615939
C2SP3,-0.011307273455934054,0.011307273455934054
C3SP3,-0.12556267457244713,0.12556267457244713
C4SP3,-0.01539771996595355,0.01539771996595355
SCH-3,-0.008390183168770837,0.008390183168770837
SCH-4,0.01915636279071585,0.01915636279071585
SCH-5,-0.019131310412968543,0.019131310412968543
SCH-6,0.01769948901235363,0.01769948901235363
SCH-7,-0.043383474605730415,0.043383474605730415
VCH-3,-0.008390183168770857,0.008390183168770857
VCH-4,0.001789612804304658,0.001789612804304658
VCH-5,0.14263963075893354,0.14263963075893354
VCH-6,-0.011864021241655379,0.011864021241655379
VCH-7,-0.05837339673534577,0.05837339673534577
SC-3,0.03684355348529382,0.03684355348529382
SC-4,-0.022353260217983787,0.022353260217983787
SC-5,-0.13382277593721542,0.13382277593721542
SC-6,-0.09071835314027915,0.09071835314027915
VC-3,-0.00041828605745064225,0.00041828605745064225
VC-4,-0.05160772369078086,0.05160772369078086
VC-5,0.11000672658755659,0.11000672658755659
VC-6,0.11805317121967046,0.11805317121967046
SPC-4,-0.01481351005579829,0.01481351005579829
SPC-5,0.029241478735949004,0.029241478735949004
SPC-6,-0.010468326580718,0.010468326580718
VPC-4,0.06597198671365895,0.06597198671365895
VPC-5,0.11432975398873707,0.11432975398873707
VPC-6,0.12326279178105826,0.12326279178105826
SP-0,0.009033507053150825,0.009033507053150825
SP-1,0.005974082545980312,0.005974082545980312
SP-2,0.015993090281718813,0.015993090281718813
SP-3,0.0010614749521317569,0.0010614749521317569
SP-4,0.050791405865244596,0.050791405865244596
SP-5,0.010381528954176898,0.010381528954176898
SP-6,-0.06594635277154125,0.06594635277154125
SP-7,-0.1783873439230254,0.1783873439230254
VP-0,-0.008305575726388653,0.008305575726388653
VP-1,0.004017268187321427,0.004017268187321427
VP-2,-0.005062266402841633,0.005062266402841633
VP-3,0.006459183730550039,0.006459183730550039
VP-4,0.06752443201693671,0.06752443201693671
VP-5,0.05457545212937234,0.05457545212937234
VP-6,-0.03459660430257022,0.03459660430257022
VP-7,-0.11412025701503015,0.11412025701503015
CrippenLogP,-0.1643325955508122,0.1643325955508122
CrippenMR,-0.02114797759449714,0.02114797759449714
ECCEN,0.11100127320853327,0.11100127320853327
nHBd,0.023069293019968722,0.023069293019968722
nwHBd,0.0960022933900262,0.0960022933900262
nHBa,0.02599065366526062,0.02599065366526062
nwHBa,0.040416047572122964,0.040416047572122964
nHBint2,-0.006494262032381367,0.006494262032381367
nHBint3,-0.06466779675547353,0.06466779675547353
nHBint4,-0.010770231986344653,0.010770231986344653
nHBint5,-0.026142102004058507,0.026142102004058507
nHBint6,-0.1245339249244021,0.1245339249244021
nHBint7,-0.16189394524075057,0.16189394524075057
nHBint8,0.06193599248294123,0.06193599248294123
nHBint9,0.017477805369945622,0.017477805369945622
nHBint10,0.06393960439280234,0.06393960439280234
nHsOH,-0.018293857452710734,0.018293857452710734
nHdNH,-0.023593706549798085,0.023593706549798085
nHsSH,-0.0021195681230724655,0.0021195681230724655
nHsNH2,0.004252050061649814,0.004252050061649814
nHssNH,0.04382212575091804,0.04382212575091804
nHaaNH,0.0453371114232662,0.0453371114232662
nHtCH,0.035118853644346394,0.035118853644346394
nHdCH2,0.006639968174031549,0.006639968174031549
nHdsCH,0.02546021395480599,0.02546021395480599
nHaaCH,0.0246360307788219,0.0246360307788219
nHCHnX,0.027965263974104836,0.027965263974104836
nHCsats,0.09872426380276364,0.09872426380276364
nHCsatu,-0.043114728215374445,0.043114728215374445
nHAvin,-0.08112195760353172,0.08112195760353172
nHother,0.030342833864439936,0.030342833864439936
nsCH3,-0.022369728761385495,0.022369728761385495
ndCH2,0.006639968174031447,0.006639968174031447
nssCH2,-0.04715571235997085,0.04715571235997085
ntCH,0.035118853644346436,0.035118853644346436
ndsCH,0.02546021395480604,0.02546021395480604
naaCH,0.0246360307788219,0.0246360307788219
nsssCH,0.1286431768365419,0.1286431768365419
ntsC,-0.009789466933327365,0.009789466933327365
ndssC,-0.0002521455959905261,0.0002521455959905261
naasC,-0.017491797021709242,0.017491797021709242
naaaC,0.10412261350191239,0.10412261350191239
nssssC,-0.053242486790472596,0.053242486790472596
nsNH2,0.004252050061649814,0.004252050061649814
ndNH,-0.023593706549798085,0.023593706549798085
nssNH,0.04382212575091804,0.04382212575091804
naaNH,0.0453371114232662,0.0453371114232662
ntN,-0.02762190787264223,0.02762190787264223
ndsN,-0.0175190562819351,0.0175190562819351
naaN,-0.10929006753178139,0.10929006753178139
nsssN,-0.07125788659340762,0.07125788659340762
naasN,0.0903497402545719,0.0903497402545719
nssssNp,0.003856252058041379,0.003856252058041379
nsOH,-0.018293857452710734,0.018293857452710734
ndO,0.07330896880198118,0.07330896880198118
nssO,-0.04062862381771863,0.04062862381771863
naaO,0.008385709085105764,0.008385709085105764
nsOm,-0.03313986466325286,0.03313986466325286
nsF,0.059239300377171164,0.059239300377171164
ndsssP,0.005849105229304109,0.005849105229304109
nsSH,-0.0021195681230724655,0.0021195681230724655
ndS,-0.07643112024335763,0.07643112024335763
nssS,-0.026936810118518166,0.026936810118518166
naaS,-0.06079052615443689,0.06079052615443689
ndssS,0.020045929679254927,0.020045929679254927
nddssS,0.012810315098769355,0.012810315098769355
nsCl,-0.008593949186987988,0.008593949186987988
nsBr,-0.02035966195707195,0.02035966195707195
nsI,0.010580061972779454,0.010580061972779454
SHBd,0.07650034581104953,0.07650034581104953
SwHBd,0.02166223496007496,0.02166223496007496
SHBa,0.03851744789289232,0.03851744789289232
SwHBa,0.045368465899866886,0.045368465899866886
SHBint2,0.018440202293853784,0.018440202293853784
SHBint3,-0.06296375589818154,0.06296375589818154
SHBint4,0.012058335007562112,0.012058335007562112
SHBint5,0.05945214607919626,0.05945214607919626
SHBint6,-0.0684092740364112,0.0684092740364112
SHBint7,-0.05975844151682509,0.05975844151682509
SHBint8,0.10488482450353523,0.10488482450353523
SHBint9,0.027369502338414828,0.027369502338414828
SHBint10,-0.11048311428862453,0.11048311428862453
SHsOH,0.053009878140724026,0.053009878140724026
SHdNH,-0.017332655086113976,0.017332655086113976
SHsSH,-0.0021195681230724685,0.0021195681230724685
SHsNH2,0.022575588772210952,0.022575588772210952
SHssNH,0.05774609400206544,0.05774609400206544
SHaaNH,0.051927722252413114,0.051927722252413114
SHtCH,-0.06109350228299194,0.06109350228299194
SHdCH2,0.007310730968294662,0.007310730968294662
SHdsCH,0.10742006558185678,0.10742006558185678
SHaaCH,-0.027871043603232615,0.027871043603232615
SHCHnX,-0.01418396584771746,0.01418396584771746
SHCsats,0.12640234330745548,0.12640234330745548
SHCsatu,0.04387003583989024,0.04387003583989024
SHAvin,-0.0552660389038702,0.0552660389038702
SHother,-0.0023808268029941026,0.0023808268029941026
SsCH3,-0.04579875049196318,0.04579875049196318
SdCH2,-0.0010872195486885646,0.0010872195486885646
SssCH2,-0.10393543494289326,0.10393543494289326
StCH,0.05262260591931707,0.05262260591931707
SdsCH,-0.051492467793461234,0.051492467793461234
SaaCH,0.05731815753379117,0.05731815753379117
SsssCH,0.12552233148045733,0.12552233148045733
StsC,-0.005229212218541198,0.005229212218541198
SdssC,-0.06714406526059541,0.06714406526059541
SaasC,0.05008659622347466,0.05008659622347466
SaaaC,0.010839902778092578,0.010839902778092578
SssssC,0.1249289628121935,0.1249289628121935
SsNH2,-0.006508561684167911,0.006508561684167911
SdNH,-0.02554819814551562,0.02554819814551562
SssNH,0.029931796009579667,0.029931796009579667
SaaNH,0.04387170186429966,0.04387170186429966
StN,-0.03604651417167268,0.03604651417167268
SdsN,-0.0215280095245872,0.0215280095245872
SaaN,-0.11414934788299502,0.11414934788299502
SsssN,-0.021447676426690335,0.021447676426690335
SaasN,-0.06364400534161226,0.06364400534161226
SssssNp,0.003856252058041393,0.003856252058041393
SsOH,-0.03263510291646551,0.03263510291646551
SdO,0.035653008905383254,0.035653008905383254
SssO,-0.009060797268379347,0.009060797268379347
SaaO,-0.04028178811814709,0.04028178811814709
SsOm,-0.03004578537710925,0.03004578537710925
SsF,0.07371019343653326,0.07371019343653326
SdsssP,-0.005803515901462941,0.005803515901462941
SsSH,-0.002119568123072477,0.002119568123072477
SdS,0.044655705111338276,0.044655705111338276
SssS,0.047993307774536365,0.047993307774536365
SaaS,-0.036987295178970266,0.036987295178970266
SdssS,-0.02004592967925495,0.02004592967925495
SddssS,0.028989115353194254,0.028989115353194254
SsCl,-0.060370365197065005,0.060370365197065005
SsBr,0.02670389195831234,0.02670389195831234
SsI,0.013774453586887683,0.013774453586887683
minHBd,-0.004843125970502545,0.004843125970502545
minwHBd,-0.0610722949552444,0.0610722949552444
minHBa,-0.10610444064853201,0.10610444064853201
minwHBa,0.17778464199350874,0.17778464199350874
minHBint2,0.05849018905106688,0.05849018905106688
minHBint3,0.057095750939021334,0.057095750939021334
minHBint4,-0.01505115913581215,0.01505115913581215
minHBint5,0.04661183477181496,0.04661183477181496
minHBint6,0.03008867193013242,0.03008867193013242
minHBint7,0.10662435412202732,0.10662435412202732
minHBint8,-0.0513884044258493,0.0513884044258493
minHBint9,0.021476522929705574,0.021476522929705574
minHBint10,0.1291021489227757,0.1291021489227757
minHsOH,-0.0316626957145979,0.0316626957145979
minHdNH,0.004192080033309209,0.004192080033309209
minHsSH,-0.002119568123072466,0.002119568123072466
minHsNH2,0.028684941406203028,0.028684941406203028
minHssNH,-0.009985347556587773,0.009985347556587773
minHaaNH,-0.018987541163570397,0.018987541163570397
minHtCH,-0.06109350228299194,0.06109350228299194
minHdCH2,0.007310730968294662,0.007310730968294662
minHdsCH,-0.0458866793167452,0.0458866793167452
minHaaCH,0.009249040507256542,0.009249040507256542
minHCHnX,-0.09832565079546467,0.09832565079546467
minHCsats,-0.024619724174089516,0.024619724174089516
minHCsatu,-0.06456294402530387,0.06456294402530387
minHAvin,0.14035904120808582,0.14035904120808582
minHother,0.08678320187989284,0.08678320187989284
minsCH3,-0.0877312653732943,0.0877312653732943
mindCH2,-0.0010872195486885646,0.0010872195486885646
minssCH2,0.011838816888627531,0.011838816888627531
mintCH,0.05262260591931707,0.05262260591931707
mindsCH,-0.10749766093843963,0.10749766093843963
minaaCH,0.01172134698722445,0.01172134698722445
minsssCH,-0.07169631467653692,0.07169631467653692
mintsC,0.04366215852957364,0.04366215852957364
mindssC,-0.01686940570545596,0.01686940570545596
minaasC,-0.01231645404506257,0.01231645404506257
minaaaC,-0.12046905338858874,0.12046905338858874
minssssC,-0.031904242978316844,0.031904242978316844
minsNH2,-0.04546881498494256,0.04546881498494256
mindNH,-0.01246253371343508,0.01246253371343508
minssNH,-0.05444543826350514,0.05444543826350514
minaaNH,-0.04922821649894098,0.04922821649894098
mintN,0.01708052056414152,0.01708052056414152
mindsN,-0.043629237269534174,0.043629237269534174
minaaN,0.06677558728305685,0.06677558728305685
minsssN,0.08790317437944098,0.08790317437944098
minaasN,-0.04755060407843441,0.04755060407843441
minssssNp,0.003856252058041393,0.003856252058041393
minsOH,0.0366852613678671,0.0366852613678671
mindO,-0.11117554152985963,0.11117554152985963
minssO,-0.037090819836863714,0.037090819836863714
minaaO,0.0015545432473901668,0.0015545432473901668
minsOm,0.03351191477552597,0.03351191477552597
minsF,-0.0010763343623168527,0.0010763343623168527
mindsssP,-0.005803515901462941,0.005803515901462941
minsSH,-0.002119568123072477,0.002119568123072477
mindS,0.044655705111338276,0.044655705111338276
minssS,-0.05277492726535768,0.05277492726535768
minaaS,-0.030084923282196023,0.030084923282196023
mindssS,-0.02004592967925495,0.02004592967925495
minddssS,0.028989115353194254,0.028989115353194254
minsCl,0.05152903779160281,0.05152903779160281
minsBr,0.058181441061549335,0.058181441061549335
minsI,0.02906244058328962,0.02906244058328962
maxHBd,0.11739084564829695,0.11739084564829695
maxwHBd,-0.017830014159508592,0.017830014159508592
maxHBa,0.033673939958102764,0.033673939958102764
maxwHBa,-0.06908891322104399,0.06908891322104399
maxHBint2,-0.08706860606918698,0.08706860606918698
maxHBint3,-0.12397368939319975,0.12397368939319975
maxHBint4,0.02590676673626801,0.02590676673626801
maxHBint5,-0.044652656195852,0.044652656195852
maxHBint6,0.02189766330411062,0.02189766330411062
maxHBint7,0.05740642783638015,0.05740642783638015
maxHBint8,0.013266208263144987,0.013266208263144987
maxHBint9,0.017257385231216622,0.017257385231216622
maxHBint10,0.011183563976821926,0.011183563976821926
maxHsOH,0.10975398652647368,0.10975398652647368
maxHdNH,0.004966049779596357,0.004966049779596357
maxHsSH,-0.0021195681230724685,0.0021195681230724685
maxHsNH2,0.03534584319808214,0.03534584319808214
maxHssNH,-0.00862124865515346,0.00862124865515346
maxHaaNH,-0.02285997571046315,0.02285997571046315
maxHtCH,-0.06109350228299194,0.06109350228299194
maxHdCH2,0.007310730968294662,0.007310730968294662
maxHdsCH,-0.04419453010235955,0.04419453010235955
maxHaaCH,0.0026637080772590033,0.0026637080772590033
maxHCHnX,-0.05467571157884675,0.05467571157884675
maxHCsats,-0.003665780390330251,0.003665780390330251
maxHCsatu,0.046090922279197116,0.046090922279197116
maxHAvin,0.1395100446007871,0.1395100446007871
maxHother,-0.12292235849857132,0.12292235849857132
maxsCH3,0.007072066605733143,0.007072066605733143
maxdCH2,-0.0010872195486885646,0.0010872195486885646
maxssCH2,0.10683952289376292,0.10683952289376292
maxtCH,0.05262260591931707,0.05262260591931707
maxdsCH,-0.053065942694602915,0.053065942694602915
maxaaCH,0.12712177412304307,0.12712177412304307
maxsssCH,0.13654522326287402,0.13654522326287402
maxtsC,0.04155326846627155,0.04155326846627155
maxdssC,0.09603032482537249,0.09603032482537249
maxaasC,-0.040553141984305104,0.040553141984305104
maxaaaC,-0.020869040717213787,0.020869040717213787
maxssssC,-0.029188993955663822,0.029188993955663822
maxsNH2,-0.04110975935258687,0.04110975935258687
maxdNH,-0.011751357349394973,0.011751357349394973
maxssNH,-0.05948871088935564,0.05948871088935564
maxaaNH,-0.05063794263180902,0.05063794263180902
maxtN,0.016777824279423523,0.016777824279423523
maxdsN,-0.04023535250170031,0.04023535250170031
maxaaN,0.04673118081392082,0.04673118081392082
maxsssN,0.0583800537843982,0.0583800537843982
maxaasN,-0.05123801174977301,0.05123801174977301
maxssssNp,0.003856252058041393,0.003856252058041393
maxsOH,0.06581618899737149,0.06581618899737149
maxdO,-0.04563800834038106,0.04563800834038106
maxssO,-0.011252927438292572,0.011252927438292572
maxaaO,0.0007477333447422894,0.0007477333447422894
maxsOm,0.03220409267655827,0.03220409267655827
maxsF,0.0171826855773272,0.0171826855773272
maxsSH,-0.002119568123072477,0.002119568123072477
maxdS,0.044655705111338276,0.044655705111338276
maxsCl,0.03695493363699981,0.03695493363699981
maxsBr,-0.09463485737699386,0.09463485737699386
sumI,0.03667775939360316,0.03667775939360316
hmax,0.04795131834012383,0.04795131834012383
gmax,-0.04552599414098116,0.04552599414098116
hmin,-0.11684093405794024,0.11684093405794024
gmin,-0.11954361762229757,0.11954361762229757
LipoaffinityIndex,0.025105659609599127,0.025105659609599127
MAXDN,0.018380951099962826,0.018380951099962826
MAXDP,0.037502991716319184,0.037502991716319184
DELS,-0.026735533619038947,0.026735533619038947
MAXDN2,-0.08539837820194704,0.08539837820194704
MAXDP2,0.02001472024335446,0.02001472024335446
DELS2,0.0003847309791942077,0.0003847309791942077
ETA_Alpha,0.0024441743878191686,0.0024441743878191686
ETA_AlphaP,-0.0441639927624177,0.0441639927624177
ETA_dAlpha_A,-0.038731236824085316,0.038731236824085316
ETA_dAlpha_B,0.03573814372310223,0.03573814372310223
ETA_Epsilon_1,0.02420066892833876,0.02420066892833876
ETA_Epsilon_2,0.0318322867342742,0.0318322867342742
ETA_Epsilon_3,0.07006936000490288,0.07006936000490288
ETA_Epsilon_4,0.0008995475757348015,0.0008995475757348015
ETA_Epsilon_5,0.06682911992968824,0.06682911992968824
ETA_dEpsilon_A,0.020567619134878302,0.020567619134878302
ETA_dEpsilon_B,0.04626158140969916,0.04626158140969916
ETA_dEpsilon_C,0.004678842593711242,0.004678842593711242
ETA_dEpsilon_D,-0.0732616890068376,0.0732616890068376
ETA_Psi_1,-0.024903289895943016,0.024903289895943016
ETA_dPsi_A,0.023854548914268782,0.023854548914268782
ETA_dPsi_B,-0.0430449658964043,0.0430449658964043
ETA_Shape_P,0.026325205073715628,0.026325205073715628
ETA_Shape_Y,0.06741981377335729,0.06741981377335729
ETA_Shape_X,0.08368491297715547,0.08368491297715547
ETA_Beta,-0.012199065197602265,0.012199065197602265
ETA_BetaP,0.0033677424778174032,0.0033677424778174032
ETA_Beta_s,-0.013569718944523267,0.013569718944523267
ETA_BetaP_s,-0.099196305092659,0.099196305092659
ETA_Beta_ns,-0.008246479032355163,0.008246479032355163
ETA_BetaP_ns,0.019110826542982014,0.019110826542982014
ETA_dBeta,0.005519116057539811,0.005519116057539811
ETA_dBetaP,0.035243007129342724,0.035243007129342724
ETA_Beta_ns_d,-0.023005769474815682,0.023005769474815682
ETA_BetaP_ns_d,0.01425864688178825,0.01425864688178825
ETA_Eta,0.005868463271955476,0.005868463271955476
ETA_EtaP,0.00032436139864241813,0.00032436139864241813
ETA_Eta_R,-0.015741680313461598,0.015741680313461598
ETA_Eta_F,-0.03944094575754797,0.03944094575754797
ETA_EtaP_F,-0.035694337370628354,0.035694337370628354
ETA_Eta_L,0.01854438950003807,0.01854438950003807
ETA_EtaP_L,0.02005889037624983,0.02005889037624983
ETA_Eta_R_L,0.005973770414570935,0.005973770414570935
ETA_Eta_F_L,-0.013270848386425473,0.013270848386425473
ETA_EtaP_F_L,-0.01667632655572438,0.01667632655572438
ETA_Eta_B,0.03824549437394726,0.03824549437394726
ETA_EtaP_B,-0.026523626248865388,0.026523626248865388
ETA_Eta_B_RC,0.0241244420513839,0.0241244420513839
ETA_EtaP_B_RC,-0.022957859443841603,0.022957859443841603
FMF,0.07110545184491919,0.07110545184491919
fragC,-0.020805885652501886,0.020805885652501886
nHBAcc,-0.20224397992291535,0.20224397992291535
nHBAcc2,-0.0071836902599928055,0.0071836902599928055
nHBAcc3,0.0027962358554311614,0.0027962358554311614
nHBAcc_Lipinski,-0.0195786624218703,0.0195786624218703
nHBDon,0.02104680989280079,0.02104680989280079
nHBDon_Lipinski,0.018176373404743193,0.018176373404743193
HybRatio,-0.007253210053731142,0.007253210053731142
Kier1,0.008681536829812701,0.008681536829812701
Kier2,-0.01681635992641534,0.01681635992641534
Kier3,0.0008281406793678257,0.0008281406793678257
nAtomLC,0.03505905014761103,0.03505905014761103
nAtomP,-0.05615053188998377,0.05615053188998377
nAtomLAC,0.09895819103993944,0.09895819103993944
MLogP,0.026001567482435543,0.026001567482435543
McGowan_Volume,-0.0033147293090886962,0.0033147293090886962
MDEC-11,-0.12950437653280025,0.12950437653280025
MDEC-12,0.15565560614203378,0.15565560614203378
MDEC-13,0.01665929428153306,0.01665929428153306
MDEC-14,0.09114012560205975,0.09114012560205975
MDEC-22,0.04691143831373624,0.04691143831373624
MDEC-23,0.01726989496091024,0.01726989496091024
MDEC-24,-0.10159261141730934,0.10159261141730934
MDEC-33,-0.004415014367778285,0.004415014367778285
MDEC-34,-0.17304544841777933,0.17304544841777933
MDEC-44,0.024652132092820758,0.024652132092820758
MDEO-11,-0.06837261197133448,0.06837261197133448
MDEO-12,-0.13576587339271645,0.13576587339271645
MDEO-22,0.10286995016843345,0.10286995016843345
MDEN-11,-0.041892738435930534,0.041892738435930534
MDEN-12,0.10185927366531346,0.10185927366531346
MDEN-13,0.008564026424773483,0.008564026424773483
MDEN-22,0.1347694208935694,0.1347694208935694
MDEN-23,0.1567033577377443,0.1567033577377443
MDEN-33,0.019384421219060238,0.019384421219060238
MLFER_A,0.1464583023353383,0.1464583023353383
MLFER_BH,0.003178549238648231,0.003178549238648231
MLFER_BO,0.02249776145877324,0.02249776145877324
MLFER_S,0.05758175319436036,0.05758175319436036
MLFER_E,0.015357977341302129,0.015357977341302129
MLFER_L,-0.043600781057707094,0.043600781057707094
PetitjeanNumber,-0.03074657704489814,0.03074657704489814
nRing,-0.02926529496924355,0.02926529496924355
n3Ring,-0.0020625748741165515,0.0020625748741165515
n4Ring,-0.007152156427569764,0.007152156427569764
n5Ring,-0.027779324002761646,0.027779324002761646
n6Ring,-0.027802121724048973,0.027802121724048973
n7Ring,0.06023257050271797,0.06023257050271797
n8Ring,-0.006679329101892204,0.006679329101892204
n12Ring,0.01617734321879531,0.01617734321879531
nG12Ring,0.09183701647281337,0.09183701647281337
nFRing,0.0049793067917320265,0.0049793067917320265
nF6Ring,-0.029947035958510643,0.029947035958510643
nF7Ring,-0.022583212903067158,0.022583212903067158
nF8Ring,0.029845138087886452,0.029845138087886452
nF9Ring,0.08556760750954634,0.08556760750954634
nF10Ring,-0.013119038266618328,0.013119038266618328
nF11Ring,-0.002211252452837414,0.002211252452837414
nF12Ring,0.0031895199014320076,0.0031895199014320076
nFG12Ring,-0.045659711303916994,0.045659711303916994
nTRing,-0.009202974903666304,0.009202974903666304
nT4Ring,-0.007152156427569764,0.007152156427569764
nT5Ring,-0.027779324002761646,0.027779324002761646
nT6Ring,-0.03622518361106058,0.03622518361106058
nT7Ring,0.05171751374656319,0.05171751374656319
nT8Ring,0.028463992655046993,0.028463992655046993
nT9Ring,0.08556760750954634,0.08556760750954634
nT10Ring,-0.013119038266618328,0.013119038266618328
nT11Ring,-0.002211252452837414,0.002211252452837414
nT12Ring,0.004634151251009277,0.004634151251009277
nTG12Ring,-0.04089781863059263,0.04089781863059263
nRotB,-0.030517589588505756,0.030517589588505756
LipinskiFailures,0.010718081100107706,0.010718081100107706
TopoPSA,-0.02963449638407103,0.02963449638407103
VABC,0.0005518473402688689,0.0005518473402688689
VAdjMat,0.009529824180926488,0.009529824180926488
MW,-0.0014928434649715099,0.0014928434649715099
WTPT-1,0.007202168489973231,0.007202168489973231
WTPT-2,0.03070544499847841,0.03070544499847841
WTPT-3,-0.02716984095050383,0.02716984095050383
WTPT-4,0.031216381685645035,0.031216381685645035
WTPT-5,-0.0645648131562357,0.0645648131562357
WPATH,0.008401672485176972,0.008401672485176972
WPOL,0.01480031637501698,0.01480031637501698
XLogP,0.13007306087759565,0.13007306087759565
Zagreb,0.012782272774449804,0.012782272774449804
