descriptor,VIP,VIP_ge_1,coefficient_standardised_X,abs_coefficient_standardised_X,descriptor_category,descriptor_numeric_type,candidate_super_block,is_near_constant,is_rare_binary_like,dominant_value_ratio
maxsOH,2.0117570582577238,True,0.06581618899737149,0.06581618899737149,Atom type electrotopological state,continuous_float_like,block_X_local_electronic_atom_environment,False,False,0.21580547112462
minsOH,2.009545844314274,True,0.0366852613678671,0.0366852613678671,Atom type electrotopological state,continuous_float_like,block_X_local_electronic_atom_environment,False,False,0.21580547112462
maxHsOH,1.9797777886546688,True,0.10975398652647368,0.10975398652647368,Atom type electrotopological state,continuous_float_like,block_X_local_electronic_atom_environment,False,False,0.21580547112462
minHsOH,1.9753987396591501,True,-0.0316626957145979,0.0316626957145979,Atom type electrotopological state,continuous_float_like,block_X_local_electronic_atom_environment,False,False,0.21580547112462
MDEC-23,1.8973336340098381,True,0.01726989496091024,0.01726989496091024,Molecular distance edge,continuous_float_like,block_Y_topological_connectivity_structure,False,False,0.0060790273556231
MLogP,1.8677030062125584,True,0.026001567482435543,0.026001567482435543,Mannhold LogP,continuous_float_like,not_assigned,False,False,0.0587639311043566
C1SP2,1.8014430772323018,True,-0.05247881401448448,0.05247881401448448,Carbon types,integer_low_cardinality,block_Y_topological_connectivity_structure,True,False,0.4868287740628166
MLFER_A,1.765960176241279,True,0.1464583023353383,0.1464583023353383,Molecular linear free energy relation,continuous_float_like,block_X_local_electronic_atom_environment,False,False,0.232016210739615
LipoaffinityIndex,1.7552214901183771,True,0.025105659609599127,0.025105659609599127,Atom type electrotopological state,continuous_float_like,block_X_local_electronic_atom_environment,False,False,0.0030395136778115
maxHBd,1.6642807608849435,True,0.11739084564829695,0.11739084564829695,Atom type electrotopological state,continuous_float_like,block_X_local_electronic_atom_environment,False,False,0.0633232016210739
nT6Ring,1.6622668400787701,True,-0.03622518361106058,0.03622518361106058,RingCountDescriptor,integer_low_cardinality,block_Y_topological_connectivity_structure,True,False,0.3632218844984802
nC,1.6512180909222172,True,0.016918044144624084,0.016918044144624084,Atom count,integer_count_like,block_Y_topological_connectivity_structure,False,False,0.0825734549138804
n6Ring,1.6487346892210262,True,-0.027802121724048973,0.027802121724048973,Ring count,integer_low_cardinality,block_Y_topological_connectivity_structure,True,False,0.3703140830800405
nsOH,1.6413339551179102,True,-0.018293857452710734,0.018293857452710734,Atom type electrotopological state,integer_low_cardinality,block_X_local_electronic_atom_environment,True,False,0.4290780141843971
nHsOH,1.6413339551179102,True,-0.018293857452710734,0.018293857452710734,Atom type electrotopological state,integer_low_cardinality,block_X_local_electronic_atom_environment,True,False,0.4290780141843971
mindO,1.6403575978681952,True,-0.11117554152985963,0.11117554152985963,Atom type electrotopological state,continuous_float_like,block_X_local_electronic_atom_environment,False,False,0.4680851063829787
SHsOH,1.6354710899352203,True,0.053009878140724026,0.053009878140724026,Atom type electrotopological state,continuous_float_like,block_X_local_electronic_atom_environment,False,False,0.21580547112462
SsOH,1.63299818099509,True,-0.03263510291646551,0.03263510291646551,Atom type electrotopological state,continuous_float_like,block_X_local_electronic_atom_environment,False,False,0.21580547112462
CrippenLogP,1.6322256521565923,True,-0.1643325955508122,0.1643325955508122,Crippen logP and MR,continuous_float_like,not_assigned,False,False,0.0040526849037487
BCUTp-1h,1.6313301267302183,True,0.18539079768181296,0.18539079768181296,BCUT,continuous_float_like,block_X_local_electronic_atom_environment,False,False,0.0030395136778115
maxdO,1.6047476128447529,True,-0.04563800834038106,0.04563800834038106,Atom type electrotopological state,continuous_float_like,block_X_local_electronic_atom_environment,False,False,0.4680851063829787
C2SP2,1.592896654511461,True,-0.0030593267538015076,0.0030593267538015076,Carbon types,integer_count_like,block_Y_topological_connectivity_structure,False,False,0.1494427558257345
SwHBa,1.5768584421709673,True,0.045368465899866886,0.045368465899866886,Atom type electrotopological state,continuous_float_like,block_X_local_electronic_atom_environment,False,False,0.0030395136778115
nHBAcc,1.5735413040510131,True,-0.20224397992291535,0.20224397992291535,Hbond acceptor count,integer_low_cardinality,not_assigned,True,False,0.2968591691995947
minsssN,1.5717514824169978,True,0.08790317437944098,0.08790317437944098,Atom type electrotopological state,continuous_float_like,block_X_local_electronic_atom_environment,False,False,0.5536980749746707
minHBd,1.5546667802371708,True,-0.004843125970502545,0.004843125970502545,Atom type electrotopological state,continuous_float_like,block_X_local_electronic_atom_environment,False,False,0.0633232016210739
AMR,1.55020851170119,True,0.017634933281442555,0.017634933281442555,ALOGP,continuous_float_like,not_assigned,False,False,0.0045592705167173
SaaCH,1.54981589738568,True,0.05731815753379117,0.05731815753379117,Atom type electrotopological state,continuous_float_like,block_X_local_electronic_atom_environment,False,False,0.0288753799392097
SP-5,1.5484415669687273,True,0.010381528954176898,0.010381528954176898,Chi path,continuous_float_like,block_Y_topological_connectivity_structure,False,False,0.0050658561296859
hmin,1.5355260896569332,True,-0.11684093405794024,0.11684093405794024,Atom type electrotopological state,continuous_float_like,block_X_local_electronic_atom_environment,False,False,0.0075987841945288
maxsssN,1.5284239280388519,True,0.0583800537843982,0.0583800537843982,Atom type electrotopological state,continuous_float_like,block_X_local_electronic_atom_environment,False,False,0.5536980749746707
SP-7,1.5199438233434226,True,-0.1783873439230254,0.1783873439230254,Chi path,continuous_float_like,block_Y_topological_connectivity_structure,False,False,0.0050658561296859
ATSc3,1.5165571921451309,True,0.07141748455293877,0.07141748455293877,Autocorrelation (charge),continuous_float_like,block_X_local_electronic_atom_environment,False,False,0.0030395136778115
naaCH,1.509742291621235,True,0.0246360307788219,0.0246360307788219,Atom type electrotopological state,integer_count_like,block_X_local_electronic_atom_environment,False,False,0.2051671732522796
nHaaCH,1.509742291621235,True,0.0246360307788219,0.0246360307788219,Atom type electrotopological state,integer_count_like,block_X_local_electronic_atom_environment,False,False,0.2051671732522796
minHssNH,1.5034313199676386,True,-0.009985347556587773,0.009985347556587773,Atom type electrotopological state,continuous_float_like,block_X_local_electronic_atom_environment,False,False,0.8302938196555217
maxHssNH,1.4997473071945036,True,-0.00862124865515346,0.00862124865515346,Atom type electrotopological state,continuous_float_like,block_X_local_electronic_atom_environment,False,False,0.8302938196555217
minHBint10,1.4996253053566249,True,0.1291021489227757,0.1291021489227757,Atom type electrotopological state,continuous_float_like,block_X_local_electronic_atom_environment,False,False,0.5015197568389058
ATSp2,1.4936379229632057,True,-0.04039958294138994,0.04039958294138994,Autocorrelation (polarizability),continuous_float_like,block_X_local_electronic_atom_environment,False,False,0.0030395136778115
SP-6,1.491698093165243,True,-0.06594635277154125,0.06594635277154125,Chi path,continuous_float_like,block_Y_topological_connectivity_structure,False,False,0.0055724417426545
ATSp4,1.4886801240398375,True,-0.06009092300117729,0.06009092300117729,Autocorrelation (polarizability),continuous_float_like,block_X_local_electronic_atom_environment,False,False,0.0030395136778115
C3SP2,1.4862536107773856,True,0.2194645632451851,0.2194645632451851,Carbon types,integer_low_cardinality,block_Y_topological_connectivity_structure,True,False,0.2168186423505572
ATSp1,1.4857455153774257,True,-0.02901023708992336,0.02901023708992336,Autocorrelation (polarizability),continuous_float_like,block_X_local_electronic_atom_environment,False,False,0.0030395136778115
MDEC-22,1.4854280253368857,True,0.04691143831373624,0.04691143831373624,Molecular distance edge,continuous_float_like,block_Y_topological_connectivity_structure,False,False,0.0476190476190476
VAdjMat,1.4793218826550132,True,0.009529824180926488,0.009529824180926488,Vertex adjacency information (magnitude),continuous_float_like,not_assigned,False,False,0.0795339412360689
nHother,1.4753459811250393,True,0.030342833864439936,0.030342833864439936,Atom type electrotopological state,integer_count_like,block_X_local_electronic_atom_environment,False,False,0.1666666666666666
ATSp3,1.464289946769849,True,-0.06403052577860441,0.06403052577860441,Autocorrelation (polarizability),continuous_float_like,block_X_local_electronic_atom_environment,False,False,0.0030395136778115
ATSp5,1.4619354937589808,True,-0.12531700813791868,0.12531700813791868,Autocorrelation (polarizability),continuous_float_like,block_X_local_electronic_atom_environment,False,False,0.0030395136778115
apol,1.4504885490346109,True,-0.00297066211434066,0.00297066211434066,APol,continuous_float_like,not_assigned,False,False,0.0106382978723404
VP-3,1.4474398194919966,True,0.006459183730550039,0.006459183730550039,Chi path,continuous_float_like,block_Y_topological_connectivity_structure,False,False,0.0030395136778115
SP-4,1.4474230709933806,True,0.050791405865244596,0.050791405865244596,Chi path,continuous_float_like,block_Y_topological_connectivity_structure,False,False,0.0055724417426545
SP-3,1.440904273008526,True,0.0010614749521317569,0.0010614749521317569,Chi path,continuous_float_like,block_Y_topological_connectivity_structure,False,False,0.0055724417426545
VP-1,1.4383828912205494,True,0.004017268187321427,0.004017268187321427,Chi path,continuous_float_like,block_Y_topological_connectivity_structure,False,False,0.0045592705167173
ndO,1.4357127683534958,True,0.07330896880198118,0.07330896880198118,Atom type electrotopological state,integer_low_cardinality,block_X_local_electronic_atom_environment,True,False,0.4680851063829787
maxsssCH,1.4287939706910557,True,0.13654522326287402,0.13654522326287402,Atom type electrotopological state,continuous_float_like,block_X_local_electronic_atom_environment,False,False,0.7416413373860182
nBonds,1.4287860027045003,True,0.00930232550000725,0.00930232550000725,Bond count,integer_count_like,block_Y_topological_connectivity_structure,False,False,0.0678824721377912
nBonds2,1.4283885679715378,True,-0.003205512746259939,0.003205512746259939,Bond count,integer_count_like,block_Y_topological_connectivity_structure,False,False,0.0450861195542046
Zagreb,1.4272259534974456,True,0.012782272774449804,0.012782272774449804,Zagreb index,integer_count_like,not_assigned,False,False,0.0349544072948328
VP-4,1.426660492373055,True,0.06752443201693671,0.06752443201693671,Chi path,continuous_float_like,block_Y_topological_connectivity_structure,False,False,0.0030395136778115
VP-2,1.4240319165790518,True,-0.005062266402841633,0.005062266402841633,Chi path,continuous_float_like,block_Y_topological_connectivity_structure,False,False,0.0035460992907801
nRing,1.4233077894317514,True,-0.02926529496924355,0.02926529496924355,Ring count,integer_low_cardinality,block_Y_topological_connectivity_structure,True,False,0.3115501519756838
CrippenMR,1.4120493487353483,True,-0.02114797759449714,0.02114797759449714,Crippen logP and MR,continuous_float_like,not_assigned,False,False,0.0040526849037487
WTPT-1,1.4100519277648336,True,0.007202168489973231,0.007202168489973231,Weighted path,continuous_float_like,block_Y_topological_connectivity_structure,False,False,0.0055724417426545
SdO,1.409745015358176,True,0.035653008905383254,0.035653008905383254,Atom type electrotopological state,continuous_float_like,block_X_local_electronic_atom_environment,False,False,0.4680851063829787
WPOL,1.4081660002014653,True,0.01480031637501698,0.01480031637501698,Wiener numbers,integer_count_like,not_assigned,False,False,0.0415400202634245
VP-5,1.407780492845951,True,0.05457545212937234,0.05457545212937234,Chi path,continuous_float_like,block_Y_topological_connectivity_structure,False,False,0.0030395136778115
ETA_Alpha,1.4064649034073213,True,0.0024441743878191686,0.0024441743878191686,Extended topochemical atom,continuous_float_like,block_X_local_electronic_atom_environment,False,False,0.0187436676798378
ATSc4,1.3995295264347254,True,0.09811216982759954,0.09811216982759954,Autocorrelation (charge),continuous_float_like,block_X_local_electronic_atom_environment,False,False,0.0030395136778115
nAtom,1.3953487391310442,True,-0.004273490241135686,0.004273490241135686,Atom count,integer_count_like,block_Y_topological_connectivity_structure,False,False,0.0430597771023302
ETA_Eta_R_L,1.394672231900146,True,0.005973770414570935,0.005973770414570935,Extended topochemical atom,continuous_float_like,block_X_local_electronic_atom_environment,False,False,0.0116514690982776
SP-1,1.394672176215552,True,0.005974082545980312,0.005974082545980312,Chi path,continuous_float_like,block_Y_topological_connectivity_structure,False,False,0.0116514690982776
ETA_dEpsilon_C,1.3922166202407071,True,0.004678842593711242,0.004678842593711242,Extended topochemical atom,continuous_float_like,block_X_local_electronic_atom_environment,False,False,0.011144883485309
nBondsS,1.3908137656496737,True,-0.010255616300562626,0.010255616300562626,Bond count,integer_count_like,block_Y_topological_connectivity_structure,False,False,0.0552178318135764
McGowan_Volume,1.3821425156381042,True,-0.0033147293090886962,0.0033147293090886962,McGowan volume,continuous_float_like,not_assigned,False,False,0.0106382978723404
SP-2,1.3797468834480306,True,0.015993090281718813,0.015993090281718813,Chi path,continuous_float_like,block_Y_topological_connectivity_structure,False,False,0.0055724417426545
nwHBa,1.3742132768715827,True,0.040416047572122964,0.040416047572122964,Atom type electrotopological state,integer_count_like,block_X_local_electronic_atom_environment,False,False,0.1236068895643363
VABC,1.3730192564991077,True,0.0005518473402688689,0.0005518473402688689,Van der Waals volume,continuous_float_like,not_assigned,False,False,0.0106382978723404
nHeavyAtom,1.3722558843238348,True,0.007936563979372115,0.007936563979372115,Atom count,integer_count_like,block_Y_topological_connectivity_structure,False,False,0.0795339412360689
ETA_Epsilon_4,1.3680799489015036,True,0.0008995475757348015,0.0008995475757348015,Extended topochemical atom,continuous_float_like,block_X_local_electronic_atom_environment,False,False,0.011144883485309
VP-0,1.3671253998029365,True,-0.008305575726388653,0.008305575726388653,Chi path,continuous_float_like,block_Y_topological_connectivity_structure,False,False,0.0060790273556231
naasC,1.353753196610474,True,-0.017491797021709242,0.017491797021709242,Atom type electrotopological state,integer_low_cardinality,block_X_local_electronic_atom_environment,True,False,0.2411347517730496
SHaaCH,1.3537472132802064,True,-0.027871043603232615,0.027871043603232615,Atom type electrotopological state,continuous_float_like,block_X_local_electronic_atom_environment,False,False,0.0288753799392097
BCUTc-1l,1.3408093223756365,True,0.03801902067629615,0.03801902067629615,BCUT,continuous_float_like,block_X_local_electronic_atom_environment,False,False,0.0065856129685916
nH,1.3360874999472532,True,-0.013120776651302261,0.013120776651302261,Atom count,integer_count_like,block_Y_topological_connectivity_structure,False,False,0.0536980749746707
nBondsD2,1.3324595350548654,True,0.04600070719266853,0.04600070719266853,Bond count,integer_low_cardinality,block_Y_topological_connectivity_structure,True,False,0.32016210739615
maxssCH2,1.3261153886383075,True,0.10683952289376292,0.10683952289376292,Atom type electrotopological state,continuous_float_like,block_X_local_electronic_atom_environment,False,False,0.2649442755825734
SaaN,1.321411937162831,True,-0.11414934788299502,0.11414934788299502,Atom type electrotopological state,continuous_float_like,block_X_local_electronic_atom_environment,False,False,0.7583586626139818
ETA_Eta_L,1.3184844669499765,True,0.01854438950003807,0.01854438950003807,Extended topochemical atom,continuous_float_like,block_X_local_electronic_atom_environment,False,False,0.0045592705167173
SaasC,1.3171744354492056,True,0.05008659622347466,0.05008659622347466,Atom type electrotopological state,continuous_float_like,block_X_local_electronic_atom_environment,False,False,0.0268490374873353
SP-0,1.3124455761820097,True,0.009033507053150825,0.009033507053150825,Chi path,continuous_float_like,block_Y_topological_connectivity_structure,False,False,0.0263424518743667
naaN,1.3106090241732427,True,-0.10929006753178139,0.10929006753178139,Atom type electrotopological state,integer_low_cardinality,block_X_local_electronic_atom_environment,True,False,0.7583586626139818
maxssNH,1.3086776177376533,True,-0.05948871088935564,0.05948871088935564,Atom type electrotopological state,continuous_float_like,block_X_local_electronic_atom_environment,False,False,0.8302938196555217
SHother,1.3053486438176929,True,-0.0023808268029941026,0.0023808268029941026,Atom type electrotopological state,continuous_float_like,block_X_local_electronic_atom_environment,False,False,0.0060790273556231
minssNH,1.300511749609937,True,-0.05444543826350514,0.05444543826350514,Atom type electrotopological state,continuous_float_like,block_X_local_electronic_atom_environment,False,False,0.8302938196555217
naAromAtom,1.2985927601551481,True,0.004221450811403925,0.004221450811403925,Aromatic atoms count,integer_count_like,not_assigned,False,False,0.2806484295845998
ETA_Beta_s,1.2983133207053636,True,-0.013569718944523267,0.013569718944523267,Extended topochemical atom,continuous_float_like,block_X_local_electronic_atom_environment,False,False,0.03596757852077
C1SP3,1.297704050916832,True,0.1904799604615939,0.1904799604615939,Carbon types,integer_low_cardinality,block_Y_topological_connectivity_structure,True,False,0.2203647416413373
maxHBint10,1.2962408030387513,True,0.011183563976821926,0.011183563976821926,Atom type electrotopological state,continuous_float_like,block_X_local_electronic_atom_environment,False,False,0.502532928064843
MW,1.291979873884447,True,-0.0014928434649715099,0.0014928434649715099,Weight,continuous_float_like,not_assigned,False,False,0.0106382978723404
nBondsS2,1.2784930863657742,True,-0.006440830449389657,0.006440830449389657,Bond count,integer_count_like,block_Y_topological_connectivity_structure,False,False,0.0440729483282674
BCUTc-1h,1.2707280227957427,True,-0.0663233931235072,0.0663233931235072,BCUT,continuous_float_like,block_X_local_electronic_atom_environment,False,False,0.0030395136778115
bpol,1.261844543645333,True,-0.040324445279771914,0.040324445279771914,BPol,continuous_float_like,not_assigned,False,False,0.0136778115501519
maxaaN,1.2598569727137905,True,0.04673118081392082,0.04673118081392082,Atom type electrotopological state,continuous_float_like,block_X_local_electronic_atom_environment,False,False,0.7583586626139818
SssCH2,1.2560293371146825,True,-0.10393543494289326,0.10393543494289326,Atom type electrotopological state,continuous_float_like,block_X_local_electronic_atom_environment,False,False,0.2548125633232016
ATSm2,1.2551463678491313,True,-0.005971506468074106,0.005971506468074106,Autocorrelation (mass),continuous_float_like,block_Y_topological_connectivity_structure,False,False,0.0116514690982776
VP-6,1.2545059755910493,True,-0.03459660430257022,0.03459660430257022,Chi path,continuous_float_like,block_Y_topological_connectivity_structure,False,False,0.0030395136778115
ETA_Beta_ns_d,1.2519569276605091,True,-0.023005769474815682,0.023005769474815682,Extended topochemical atom,continuous_float_like,block_X_local_electronic_atom_environment,True,False,0.3206686930091185
minaaN,1.2483416520748545,True,0.06677558728305685,0.06677558728305685,Atom type electrotopological state,continuous_float_like,block_X_local_electronic_atom_environment,False,False,0.7583586626139818
MLFER_L,1.2467921508213797,True,-0.043600781057707094,0.043600781057707094,Molecular linear free energy relation,continuous_float_like,block_X_local_electronic_atom_environment,False,False,0.0040526849037487
XLogP,1.2455908174359929,True,0.13007306087759565,0.13007306087759565,XLogP,continuous_float_like,not_assigned,False,False,0.0045592705167173
ETA_Beta,1.2433435743468524,True,-0.012199065197602265,0.012199065197602265,Extended topochemical atom,continuous_float_like,block_X_local_electronic_atom_environment,False,False,0.0217831813576494
Kier1,1.2420549361832909,True,0.008681536829812701,0.008681536829812701,Kappa shape indices,continuous_float_like,not_assigned,False,False,0.0577507598784194
MDEN-23,1.2410856018305647,True,0.1567033577377443,0.1567033577377443,Molecular distance edge,continuous_float_like,block_Y_topological_connectivity_structure,False,False,0.8247213779128673
ETA_Eta_R,1.2193537126122338,True,-0.015741680313461598,0.015741680313461598,Extended topochemical atom,continuous_float_like,block_X_local_electronic_atom_environment,False,False,0.0055724417426545
ATSm3,1.215660622699671,True,0.025895373905999115,0.025895373905999115,Autocorrelation (mass),continuous_float_like,block_Y_topological_connectivity_structure,False,False,0.0055724417426545
SHssNH,1.2156068614873028,True,0.05774609400206544,0.05774609400206544,Atom type electrotopological state,continuous_float_like,block_X_local_electronic_atom_environment,False,False,0.8302938196555217
ATSm4,1.2067692998927804,True,0.029138548742162054,0.029138548742162054,Autocorrelation (mass),continuous_float_like,block_Y_topological_connectivity_structure,False,False,0.0050658561296859
SsssN,1.2064466939756793,True,-0.021447676426690335,0.021447676426690335,Atom type electrotopological state,continuous_float_like,block_X_local_electronic_atom_environment,False,False,0.5536980749746707
ETA_Eta,1.2004200820934259,True,0.005868463271955476,0.005868463271955476,Extended topochemical atom,continuous_float_like,block_X_local_electronic_atom_environment,False,False,0.0030395136778115
nAromBond,1.199929527481246,True,-0.0019653198873167107,0.0019653198873167107,Aromatic bonds count,integer_count_like,not_assigned,False,False,0.3297872340425531
maxHCsats,1.1929233960472887,True,-0.003665780390330251,0.003665780390330251,Atom type electrotopological state,continuous_float_like,block_X_local_electronic_atom_environment,False,False,0.3074974670719351
VP-7,1.1924674256258319,True,-0.11412025701503015,0.11412025701503015,Chi path,continuous_float_like,block_Y_topological_connectivity_structure,False,False,0.0030395136778115
nN,1.1904960591775011,True,-0.039511720572693705,0.039511720572693705,Atom count,integer_low_cardinality,block_Y_topological_connectivity_structure,True,False,0.3799392097264438
WTPT-5,1.189931641037157,True,-0.0645648131562357,0.0645648131562357,Weighted path,continuous_float_like,block_Y_topological_connectivity_structure,False,False,0.2492401215805471
ECCEN,1.1884859357976403,True,0.11100127320853327,0.11100127320853327,Eccentric connectivity index,integer_count_like,not_assigned,False,False,0.0106382978723404
SHCsats,1.173912269094199,True,0.12640234330745548,0.12640234330745548,Atom type electrotopological state,continuous_float_like,block_X_local_electronic_atom_environment,False,False,0.3074974670719351
Kier2,1.1729930016935193,True,-0.01681635992641534,0.01681635992641534,Kappa shape indices,continuous_float_like,not_assigned,False,False,0.0288753799392097
nHCsats,1.1688697187292378,True,0.09872426380276364,0.09872426380276364,Atom type electrotopological state,integer_count_like,block_X_local_electronic_atom_environment,False,False,0.3074974670719351
nBondsS3,1.1595735030627836,True,0.003294778024978931,0.003294778024978931,Bond count,integer_count_like,block_Y_topological_connectivity_structure,False,False,0.0628166160081053
ETA_Shape_P,1.158972414245563,True,0.026325205073715628,0.026325205073715628,Extended topochemical atom,continuous_float_like,block_X_local_electronic_atom_environment,False,False,0.0070921985815602
nssCH2,1.152548980061604,True,-0.04715571235997085,0.04715571235997085,Atom type electrotopological state,integer_count_like,block_X_local_electronic_atom_environment,False,False,0.2548125633232016
ETA_BetaP_s,1.1494091694733732,True,-0.099196305092659,0.099196305092659,Extended topochemical atom,continuous_float_like,block_X_local_electronic_atom_environment,False,False,0.0764944275582573
ETA_dEpsilon_A,1.1456651694372304,True,0.020567619134878302,0.020567619134878302,Extended topochemical atom,continuous_float_like,block_X_local_electronic_atom_environment,False,False,0.0106382978723404
ETA_Epsilon_5,1.1385514398629906,True,0.06682911992968824,0.06682911992968824,Extended topochemical atom,continuous_float_like,block_X_local_electronic_atom_environment,False,False,0.0141843971631205
ETA_Epsilon_2,1.1384117417463926,True,0.0318322867342742,0.0318322867342742,Extended topochemical atom,continuous_float_like,block_X_local_electronic_atom_environment,False,False,0.0151975683890577
mindsN,1.1333920807403997,True,-0.043629237269534174,0.043629237269534174,Atom type electrotopological state,continuous_float_like,block_X_local_electronic_atom_environment,False,False,0.9371833839918946
maxdsN,1.1332909922708614,True,-0.04023535250170031,0.04023535250170031,Atom type electrotopological state,continuous_float_like,block_X_local_electronic_atom_environment,False,False,0.9371833839918946
ETA_Epsilon_1,1.1248060411024645,True,0.02420066892833876,0.02420066892833876,Extended topochemical atom,continuous_float_like,block_X_local_electronic_atom_environment,False,False,0.0136778115501519
MDEO-12,1.123800707067345,True,-0.13576587339271645,0.13576587339271645,Molecular distance edge,continuous_float_like,block_Y_topological_connectivity_structure,False,False,0.3946301925025329
SHBd,1.1227919541192308,True,0.07650034581104953,0.07650034581104953,Atom type electrotopological state,continuous_float_like,block_X_local_electronic_atom_environment,False,False,0.0633232016210739
ATSm5,1.118548784117825,True,0.15082167731281096,0.15082167731281096,Autocorrelation (mass),continuous_float_like,block_Y_topological_connectivity_structure,False,False,0.0055724417426545
ndssC,1.114678295493964,True,-0.0002521455959905261,0.0002521455959905261,Atom type electrotopological state,integer_low_cardinality,block_X_local_electronic_atom_environment,True,False,0.3824721377912867
nHBAcc_Lipinski,1.1123606137090296,True,-0.0195786624218703,0.0195786624218703,Hbond acceptor count,integer_low_cardinality,not_assigned,True,False,0.2537993920972644
ETA_Eta_F,1.1100792014144119,True,-0.03944094575754797,0.03944094575754797,Extended topochemical atom,continuous_float_like,block_X_local_electronic_atom_environment,False,False,0.0030395136778115
SdsN,1.1097030924801432,True,-0.0215280095245872,0.0215280095245872,Atom type electrotopological state,continuous_float_like,block_X_local_electronic_atom_environment,False,False,0.9371833839918946
MDEN-22,1.1090440639735673,True,0.1347694208935694,0.1347694208935694,Molecular distance edge,continuous_float_like,block_Y_topological_connectivity_structure,False,False,0.8196555217831814
ALogP,1.1085357816968093,True,0.021057309146913828,0.021057309146913828,ALOGP,continuous_float_like,not_assigned,False,False,0.0045592705167173
nHssNH,1.103216215948416,True,0.04382212575091804,0.04382212575091804,Atom type electrotopological state,integer_low_cardinality,block_X_local_electronic_atom_environment,True,False,0.8302938196555217
nssNH,1.103216215948416,True,0.04382212575091804,0.04382212575091804,Atom type electrotopological state,integer_low_cardinality,block_X_local_electronic_atom_environment,True,False,0.8302938196555217
SssNH,1.1025633674705715,True,0.029931796009579667,0.029931796009579667,Atom type electrotopological state,continuous_float_like,block_X_local_electronic_atom_environment,False,False,0.8302938196555217
SssO,1.1004091342794833,True,-0.009060797268379347,0.009060797268379347,Atom type electrotopological state,continuous_float_like,block_X_local_electronic_atom_environment,False,False,0.4731509625126646
sumI,1.0978426847648142,True,0.03667775939360316,0.03667775939360316,Atom type electrotopological state,continuous_float_like,block_X_local_electronic_atom_environment,False,False,0.0070921985815602
ETA_Eta_F_L,1.0926368907143542,True,-0.013270848386425473,0.013270848386425473,Extended topochemical atom,continuous_float_like,block_X_local_electronic_atom_environment,False,False,0.0050658561296859
WTPT-2,1.09184570672739,True,0.03070544499847841,0.03070544499847841,Weighted path,continuous_float_like,block_Y_topological_connectivity_structure,False,False,0.0055724417426545
fragC,1.0848140394775239,True,-0.020805885652501886,0.020805885652501886,Fragment complexity,continuous_float_like,not_assigned,False,False,0.011144883485309
ndsN,1.0835240309675047,True,-0.0175190562819351,0.0175190562819351,Atom type electrotopological state,integer_low_cardinality,block_X_local_electronic_atom_environment,True,False,0.9371833839918946
MLFER_E,1.083236239855976,True,0.015357977341302129,0.015357977341302129,Molecular linear free energy relation,continuous_float_like,block_X_local_electronic_atom_environment,False,False,0.0075987841945288
SaaO,1.0754780968820417,True,-0.04028178811814709,0.04028178811814709,Atom type electrotopological state,continuous_float_like,block_X_local_electronic_atom_environment,False,False,0.8556231003039514
naaO,1.0732969916206638,True,0.008385709085105764,0.008385709085105764,Atom type electrotopological state,integer_low_cardinality,block_X_local_electronic_atom_environment,True,False,0.8556231003039514
ATSc2,1.0690742863249212,True,0.019816652850972154,0.019816652850972154,Autocorrelation (charge),continuous_float_like,block_X_local_electronic_atom_environment,False,False,0.0035460992907801
maxaaO,1.068715774899676,True,0.0007477333447422894,0.0007477333447422894,Atom type electrotopological state,continuous_float_like,block_X_local_electronic_atom_environment,False,False,0.8556231003039514
minaaO,1.0676676981041924,True,0.0015545432473901668,0.0015545432473901668,Atom type electrotopological state,continuous_float_like,block_X_local_electronic_atom_environment,False,False,0.8556231003039514
maxssO,1.0607859550319756,True,-0.011252927438292572,0.011252927438292572,Atom type electrotopological state,continuous_float_like,block_X_local_electronic_atom_environment,False,False,0.4731509625126646
SHBint10,1.0560327642407363,True,-0.11048311428862453,0.11048311428862453,Atom type electrotopological state,continuous_float_like,block_X_local_electronic_atom_environment,False,False,0.5015197568389058
minHBint5,1.0542632704821688,True,0.04661183477181496,0.04661183477181496,Atom type electrotopological state,continuous_float_like,block_X_local_electronic_atom_environment,False,False,0.6388044579533941
minssO,1.0469450209506521,True,-0.037090819836863714,0.037090819836863714,Atom type electrotopological state,continuous_float_like,block_X_local_electronic_atom_environment,False,False,0.4731509625126646
nssO,1.0448662110685505,True,-0.04062862381771863,0.04062862381771863,Atom type electrotopological state,integer_low_cardinality,block_X_local_electronic_atom_environment,True,False,0.4731509625126646
maxaaCH,1.0411969095353422,True,0.12712177412304307,0.12712177412304307,Atom type electrotopological state,continuous_float_like,block_X_local_electronic_atom_environment,False,False,0.0288753799392097
ETA_BetaP_ns_d,1.0344745410333012,True,0.01425864688178825,0.01425864688178825,Extended topochemical atom,continuous_float_like,block_X_local_electronic_atom_environment,False,False,0.1028368794326241
ETA_EtaP,1.0290336979195311,True,0.00032436139864241813,0.00032436139864241813,Extended topochemical atom,continuous_float_like,block_X_local_electronic_atom_environment,False,False,0.0030395136778115
ETA_Beta_ns,1.0281794730760434,True,-0.008246479032355163,0.008246479032355163,Extended topochemical atom,continuous_float_like,block_X_local_electronic_atom_environment,False,False,0.0633232016210739
nBondsM,1.0264470950454296,True,0.010387990492405071,0.010387990492405071,Bond count,integer_count_like,block_Y_topological_connectivity_structure,False,False,0.1752786220871327
ATSc1,1.0255260859398587,True,-0.07939478183260562,0.07939478183260562,Autocorrelation (charge),continuous_float_like,block_X_local_electronic_atom_environment,False,False,0.0035460992907801
nHBint10,1.02330510581072,True,0.06393960439280234,0.06393960439280234,Atom type electrotopological state,integer_low_cardinality,block_X_local_electronic_atom_environment,True,False,0.5015197568389058
MDEC-33,1.0226712745966933,True,-0.004415014367778285,0.004415014367778285,Molecular distance edge,continuous_float_like,block_Y_topological_connectivity_structure,False,False,0.0167173252279635
nHBd,1.0217586379039636,True,0.023069293019968722,0.023069293019968722,Atom type electrotopological state,integer_low_cardinality,block_X_local_electronic_atom_environment,True,False,0.4741641337386018
WTPT-3,1.021274839584346,True,-0.02716984095050383,0.02716984095050383,Weighted path,continuous_float_like,block_Y_topological_connectivity_structure,False,False,0.0035460992907801
nHBDon,1.0190669566340687,True,0.02104680989280079,0.02104680989280079,Hbond donor count,integer_low_cardinality,not_assigned,True,False,0.4772036474164133
ETA_dEpsilon_D,1.0188064096320317,True,-0.0732616890068376,0.0732616890068376,Extended topochemical atom,continuous_float_like,block_X_local_electronic_atom_environment,False,False,0.0633232016210739
minHCsats,1.0167611960752292,True,-0.024619724174089516,0.024619724174089516,Atom type electrotopological state,continuous_float_like,block_X_local_electronic_atom_environment,False,False,0.3074974670719351
maxsF,1.0147348733176549,True,0.0171826855773272,0.0171826855773272,Atom type electrotopological state,continuous_float_like,block_X_local_electronic_atom_environment,False,False,0.8348530901722391
Kier3,1.013037889065968,True,0.0008281406793678257,0.0008281406793678257,Kappa shape indices,continuous_float_like,not_assigned,False,False,0.0162107396149949
VPC-4,1.011474453604221,True,0.06597198671365895,0.06597198671365895,Chi path cluster,continuous_float_like,block_Y_topological_connectivity_structure,False,False,0.0070921985815602
nBondsD,1.0095638029540794,True,0.04763266304767743,0.04763266304767743,Bond count,integer_low_cardinality,block_Y_topological_connectivity_structure,True,False,0.171225937183384
SPC-6,1.0066270269120279,True,-0.010468326580718,0.010468326580718,Chi path cluster,continuous_float_like,block_Y_topological_connectivity_structure,False,False,0.0055724417426545
minsF,1.0047084027720476,True,-0.0010763343623168527,0.0010763343623168527,Atom type electrotopological state,continuous_float_like,block_X_local_electronic_atom_environment,False,False,0.8348530901722391
TopoPSA,1.0040155334046745,True,-0.02963449638407103,0.02963449638407103,Topological polar surface area,continuous_float_like,not_assigned,False,False,0.0531914893617021
SPC-5,1.001028392712426,True,0.029241478735949004,0.029241478735949004,Chi path cluster,continuous_float_like,block_Y_topological_connectivity_structure,False,False,0.0081053698074974
SsF,1.0001294415436424,True,0.07371019343653326,0.07371019343653326,Atom type electrotopological state,continuous_float_like,block_X_local_electronic_atom_environment,False,False,0.8348530901722391
ETA_Eta_B_RC,0.9989490582011701,False,0.0241244420513839,0.0241244420513839,Extended topochemical atom,continuous_float_like,block_X_local_electronic_atom_environment,False,False,0.0278622087132725
SPC-4,0.996658375671541,False,-0.01481351005579829,0.01481351005579829,Chi path cluster,continuous_float_like,block_Y_topological_connectivity_structure,False,False,0.0091185410334346
nHBint2,0.9947016604354979,False,-0.006494262032381367,0.006494262032381367,Atom type electrotopological state,integer_low_cardinality,block_X_local_electronic_atom_environment,True,False,0.7826747720364742
nHBDon_Lipinski,0.9934262249117902,False,0.018176373404743193,0.018176373404743193,Hbond donor count,integer_low_cardinality,not_assigned,True,False,0.4726443768996961
SHBint8,0.986641910357004,False,0.10488482450353523,0.10488482450353523,Atom type electrotopological state,continuous_float_like,block_X_local_electronic_atom_environment,False,False,0.7330293819655522
nsssCH,0.98623703234613,False,0.1286431768365419,0.1286431768365419,Atom type electrotopological state,integer_low_cardinality,block_X_local_electronic_atom_environment,True,False,0.6063829787234043
nF,0.9824427044477663,False,0.059239300377171164,0.059239300377171164,Atom count,integer_low_cardinality,block_Y_topological_connectivity_structure,True,False,0.8348530901722391
nsF,0.9824427044477663,False,0.059239300377171164,0.059239300377171164,Atom type electrotopological state,integer_low_cardinality,block_X_local_electronic_atom_environment,True,False,0.8348530901722391
nsssN,0.9823955538229046,False,-0.07125788659340762,0.07125788659340762,Atom type electrotopological state,integer_low_cardinality,block_X_local_electronic_atom_environment,True,False,0.5536980749746707
maxaasC,0.9800022421128808,False,-0.040553141984305104,0.040553141984305104,Atom type electrotopological state,continuous_float_like,block_X_local_electronic_atom_environment,False,False,0.0288753799392097
SC-3,0.979146956384104,False,0.03684355348529382,0.03684355348529382,Chi cluster,continuous_float_like,block_Y_topological_connectivity_structure,False,False,0.0141843971631205
VPC-5,0.9780389355300502,False,0.11432975398873707,0.11432975398873707,Chi path cluster,continuous_float_like,block_Y_topological_connectivity_structure,False,False,0.0045592705167173
ETA_dPsi_A,0.977006121002354,False,0.023854548914268782,0.023854548914268782,Extended topochemical atom,continuous_float_like,block_X_local_electronic_atom_environment,False,False,0.0157041540020263
n5Ring,0.9763829901588302,False,-0.027779324002761646,0.027779324002761646,Ring count,integer_low_cardinality,block_Y_topological_connectivity_structure,True,False,0.4356636271529888
nT5Ring,0.9763829901588302,False,-0.027779324002761646,0.027779324002761646,RingCountDescriptor,integer_low_cardinality,block_Y_topological_connectivity_structure,True,False,0.4356636271529888
ETA_Psi_1,0.9721126723058501,False,-0.024903289895943016,0.024903289895943016,Extended topochemical atom,continuous_float_like,block_X_local_electronic_atom_environment,False,False,0.0157041540020263
nHBint3,0.9720804119307007,False,-0.06466779675547353,0.06466779675547353,Atom type electrotopological state,integer_low_cardinality,block_X_local_electronic_atom_environment,True,False,0.7938196555217831
VPC-6,0.9686057637471204,False,0.12326279178105826,0.12326279178105826,Chi path cluster,continuous_float_like,block_Y_topological_connectivity_structure,False,False,0.0045592705167173
VC-3,0.9670372932726718,False,-0.00041828605745064225,0.00041828605745064225,Chi cluster,continuous_float_like,block_Y_topological_connectivity_structure,False,False,0.0091185410334346
SHBint2,0.9641395183551109,False,0.018440202293853784,0.018440202293853784,Atom type electrotopological state,continuous_float_like,block_X_local_electronic_atom_environment,False,False,0.7826747720364742
nHBAcc2,0.9589683429207698,False,-0.0071836902599928055,0.0071836902599928055,Hbond acceptor count,integer_low_cardinality,not_assigned,True,False,0.2360688956433637
SCH-5,0.953225656810327,False,-0.019131310412968543,0.019131310412968543,Chi chain,continuous_float_like,block_Y_topological_connectivity_structure,False,False,0.4265450861195542
C2SP3,0.9503152117095819,False,-0.011307273455934054,0.011307273455934054,Carbon types,integer_count_like,block_Y_topological_connectivity_structure,False,False,0.342451874366768
VCH-6,0.9482132342528418,False,-0.011864021241655379,0.011864021241655379,Chi chain,continuous_float_like,block_Y_topological_connectivity_structure,False,False,0.022289766970618
nT7Ring,0.9477941849599156,False,0.05171751374656319,0.05171751374656319,RingCountDescriptor,integer_low_cardinality,block_Y_topological_connectivity_structure,True,False,0.9457953394123608
ETA_EtaP_B,0.946649766078208,False,-0.026523626248865388,0.026523626248865388,Extended topochemical atom,continuous_float_like,block_X_local_electronic_atom_environment,False,False,0.0131712259371833
nHBint6,0.9455755720245729,False,-0.1245339249244021,0.1245339249244021,Atom type electrotopological state,integer_low_cardinality,block_X_local_electronic_atom_environment,True,False,0.538500506585613
nRotB,0.9442463615213383,False,-0.030517589588505756,0.030517589588505756,Rotatable bonds count,integer_count_like,not_assigned,False,False,0.171225937183384
MLFER_BO,0.942802690596546,False,0.02249776145877324,0.02249776145877324,Molecular linear free energy relation,continuous_float_like,block_X_local_electronic_atom_environment,False,False,0.0101317122593718
SHBint3,0.9418063475612514,False,-0.06296375589818154,0.06296375589818154,Atom type electrotopological state,continuous_float_like,block_X_local_electronic_atom_environment,False,False,0.7938196555217831
nHBint8,0.9413914594484871,False,0.06193599248294123,0.06193599248294123,Atom type electrotopological state,integer_low_cardinality,block_X_local_electronic_atom_environment,True,False,0.7330293819655522
minssS,0.9413483941719027,False,-0.05277492726535768,0.05277492726535768,Atom type electrotopological state,continuous_float_like,block_X_local_electronic_atom_environment,False,False,0.8880445795339412
maxHBint5,0.931758142886399,False,-0.044652656195852,0.044652656195852,Atom type electrotopological state,continuous_float_like,block_X_local_electronic_atom_environment,False,False,0.6524822695035462
nX,0.9286832514980281,False,0.04386481503980349,0.04386481503980349,Atom count,integer_low_cardinality,block_Y_topological_connectivity_structure,True,False,0.7077001013171226
nBase,0.9277219459894148,False,-0.013852439213357019,0.013852439213357019,Basic group count,integer_low_cardinality,not_assigned,True,False,0.6621073961499493
SHBint6,0.9269881261549539,False,-0.0684092740364112,0.0684092740364112,Atom type electrotopological state,continuous_float_like,block_X_local_electronic_atom_environment,False,False,0.538500506585613
MLFER_BH,0.9263673525263438,False,0.003178549238648231,0.003178549238648231,Molecular linear free energy relation,continuous_float_like,block_X_local_electronic_atom_environment,False,False,0.0101317122593718
nsNH2,0.9262799981390122,False,0.004252050061649814,0.004252050061649814,Atom type electrotopological state,integer_low_cardinality,block_X_local_electronic_atom_environment,True,False,0.9746707193515703
nHsNH2,0.9262799981390122,False,0.004252050061649814,0.004252050061649814,Atom type electrotopological state,integer_low_cardinality,block_X_local_electronic_atom_environment,True,False,0.9746707193515703
SCH-6,0.9261381450100749,False,0.01769948901235363,0.01769948901235363,Chi chain,continuous_float_like,block_Y_topological_connectivity_structure,False,False,0.0243161094224924
SHsNH2,0.9248963303975644,False,0.022575588772210952,0.022575588772210952,Atom type electrotopological state,continuous_float_like,block_X_local_electronic_atom_environment,True,False,0.9746707193515703
ETA_EtaP_B_RC,0.9247210990920358,False,-0.022957859443841603,0.022957859443841603,Extended topochemical atom,continuous_float_like,block_X_local_electronic_atom_environment,False,False,0.0126646403242147
SsNH2,0.9232124450186754,False,-0.006508561684167911,0.006508561684167911,Atom type electrotopological state,continuous_float_like,block_X_local_electronic_atom_environment,True,False,0.9746707193515703
n7Ring,0.9213081366521627,False,0.06023257050271797,0.06023257050271797,Ring count,integer_low_cardinality,block_Y_topological_connectivity_structure,True,False,0.9493414387031408
SsssCH,0.9183774610836767,False,0.12552233148045733,0.12552233148045733,Atom type electrotopological state,continuous_float_like,block_X_local_electronic_atom_environment,False,False,0.6063829787234043
nHCsatu,0.9178471253015665,False,-0.043114728215374445,0.043114728215374445,Atom type electrotopological state,integer_low_cardinality,block_X_local_electronic_atom_environment,True,False,0.6170212765957447
MLFER_S,0.9151511984683648,False,0.05758175319436036,0.05758175319436036,Molecular linear free energy relation,continuous_float_like,block_X_local_electronic_atom_environment,False,False,0.008611955420466
SHBint5,0.9142386235456538,False,0.05945214607919626,0.05945214607919626,Atom type electrotopological state,continuous_float_like,block_X_local_electronic_atom_environment,False,False,0.6388044579533941
minssCH2,0.9111998614426159,False,0.011838816888627531,0.011838816888627531,Atom type electrotopological state,continuous_float_like,block_X_local_electronic_atom_environment,False,False,0.2548125633232016
SssS,0.9109473785237309,False,0.047993307774536365,0.047993307774536365,Atom type electrotopological state,continuous_float_like,block_X_local_electronic_atom_environment,False,False,0.8880445795339412
SHBint4,0.9106024507522475,False,0.012058335007562112,0.012058335007562112,Atom type electrotopological state,continuous_float_like,block_X_local_electronic_atom_environment,False,False,0.5785207700101317
nHBint9,0.909095769211569,False,0.017477805369945622,0.017477805369945622,Atom type electrotopological state,integer_low_cardinality,block_X_local_electronic_atom_environment,True,False,0.7548125633232016
mindsCH,0.9039647394127749,False,-0.10749766093843963,0.10749766093843963,Atom type electrotopological state,continuous_float_like,block_X_local_electronic_atom_environment,False,False,0.7781155015197568
SHdNH,0.9010037180073581,False,-0.017332655086113976,0.017332655086113976,Atom type electrotopological state,continuous_float_like,block_X_local_electronic_atom_environment,True,False,0.9924012158054712
nHBa,0.9007162197942606,False,0.02599065366526062,0.02599065366526062,Atom type electrotopological state,integer_low_cardinality,block_X_local_electronic_atom_environment,True,False,0.1965552178318135
ndNH,0.8972824410067307,False,-0.023593706549798085,0.023593706549798085,Atom type electrotopological state,integer_low_cardinality,block_X_local_electronic_atom_environment,True,False,0.9924012158054712
nHdNH,0.8972824410067307,False,-0.023593706549798085,0.023593706549798085,Atom type electrotopological state,integer_low_cardinality,block_X_local_electronic_atom_environment,True,False,0.9924012158054712
nssS,0.8959458965787074,False,-0.026936810118518166,0.026936810118518166,Atom type electrotopological state,integer_low_cardinality,block_X_local_electronic_atom_environment,True,False,0.8880445795339412
minHBa,0.8936265341898804,False,-0.10610444064853201,0.10610444064853201,Atom type electrotopological state,continuous_float_like,block_X_local_electronic_atom_environment,False,False,0.0035460992907801
SdNH,0.8935339109950252,False,-0.02554819814551562,0.02554819814551562,Atom type electrotopological state,continuous_float_like,block_X_local_electronic_atom_environment,True,False,0.9924012158054712
MDEN-12,0.8892855471608193,False,0.10185927366531346,0.10185927366531346,Molecular distance edge,continuous_float_like,block_Y_topological_connectivity_structure,True,False,0.9650455927051672
nHBint5,0.8866462079809929,False,-0.026142102004058507,0.026142102004058507,Atom type electrotopological state,integer_low_cardinality,block_X_local_electronic_atom_environment,True,False,0.6388044579533941
minHaaNH,0.8859009940526995,False,-0.018987541163570397,0.018987541163570397,Atom type electrotopological state,continuous_float_like,block_X_local_electronic_atom_environment,False,False,0.9275582573454914
SHCsatu,0.8856294605085364,False,0.04387003583989024,0.04387003583989024,Atom type electrotopological state,continuous_float_like,block_X_local_electronic_atom_environment,False,False,0.6170212765957447
maxHaaNH,0.8852878901090903,False,-0.02285997571046315,0.02285997571046315,Atom type electrotopological state,continuous_float_like,block_X_local_electronic_atom_environment,False,False,0.9275582573454914
ETA_Eta_B,0.8842813180636035,False,0.03824549437394726,0.03824549437394726,Extended topochemical atom,continuous_float_like,block_X_local_electronic_atom_environment,False,False,0.0278622087132725
nG12Ring,0.8841404118578382,False,0.09183701647281337,0.09183701647281337,Ring count,binary_like,block_Y_topological_connectivity_structure,True,True,0.997467071935157
nHBint7,0.8827348335100463,False,-0.16189394524075057,0.16189394524075057,Atom type electrotopological state,integer_low_cardinality,block_X_local_electronic_atom_environment,True,False,0.6514690982776089
SHaaNH,0.8819979144516235,False,0.051927722252413114,0.051927722252413114,Atom type electrotopological state,continuous_float_like,block_X_local_electronic_atom_environment,False,False,0.9275582573454914
ETA_Epsilon_3,0.8817230348720216,False,0.07006936000490288,0.07006936000490288,Extended topochemical atom,continuous_float_like,block_X_local_electronic_atom_environment,False,False,0.083080040526849
VCH-5,0.8816235653793312,False,0.14263963075893354,0.14263963075893354,Chi chain,continuous_float_like,block_Y_topological_connectivity_structure,False,False,0.4265450861195542
nTRing,0.8796086864641304,False,-0.009202974903666304,0.009202974903666304,RingCountDescriptor,integer_low_cardinality,block_Y_topological_connectivity_structure,True,False,0.2487335359675785
ATSc5,0.8749945354845327,False,-0.016855329344142175,0.016855329344142175,Autocorrelation (charge),continuous_float_like,block_X_local_electronic_atom_environment,False,False,0.0030395136778115
nS,0.8702369052015778,False,-0.06529668284295384,0.06529668284295384,Atom count,integer_low_cardinality,block_Y_topological_connectivity_structure,True,False,0.7325227963525835
MDEO-22,0.8680271309253246,False,0.10286995016843345,0.10286995016843345,Molecular distance edge,continuous_float_like,block_Y_topological_connectivity_structure,False,False,0.7137791286727457
ETA_dEpsilon_B,0.8673494370262719,False,0.04626158140969916,0.04626158140969916,Extended topochemical atom,continuous_float_like,block_X_local_electronic_atom_environment,False,False,0.0106382978723404
nF11Ring,0.8672273277104736,False,-0.002211252452837414,0.002211252452837414,Ring count,integer_low_cardinality,block_Y_topological_connectivity_structure,True,False,0.9579533941236068
nT11Ring,0.8672273277104736,False,-0.002211252452837414,0.002211252452837414,RingCountDescriptor,integer_low_cardinality,block_Y_topological_connectivity_structure,True,False,0.9579533941236068
minaasC,0.865485503351744,False,-0.01231645404506257,0.01231645404506257,Atom type electrotopological state,continuous_float_like,block_X_local_electronic_atom_environment,False,False,0.0268490374873353
WPATH,0.8608987616686545,False,0.008401672485176972,0.008401672485176972,Wiener numbers,integer_count_like,not_assigned,False,False,0.0060790273556231
nAtomLC,0.8580790156458765,False,0.03505905014761103,0.03505905014761103,Largest chain,integer_count_like,not_assigned,False,False,0.2467071935157041
nAtomLAC,0.8561026320105337,False,0.09895819103993944,0.09895819103993944,Longest aliphatic chain,integer_low_cardinality,not_assigned,True,False,0.4088145896656535
SdssC,0.8534380485758523,False,-0.06714406526059541,0.06714406526059541,Atom type electrotopological state,continuous_float_like,block_X_local_electronic_atom_environment,False,False,0.3824721377912867
BCUTp-1l,0.8533484285381185,False,0.0016151569020717033,0.0016151569020717033,BCUT,continuous_float_like,block_X_local_electronic_atom_environment,False,False,0.0030395136778115
DELS,0.8488549927253826,False,-0.026735533619038947,0.026735533619038947,Atom type electrotopological state,continuous_float_like,block_X_local_electronic_atom_environment,False,False,0.0030395136778115
DELS2,0.8468567646341292,False,0.0003847309791942077,0.0003847309791942077,Atom type electrotopological state,continuous_float_like,block_X_local_electronic_atom_environment,False,False,0.0030395136778115
nHaaNH,0.8431168044219128,False,0.0453371114232662,0.0453371114232662,Atom type electrotopological state,integer_low_cardinality,block_X_local_electronic_atom_environment,True,False,0.9275582573454914
naaNH,0.8431168044219128,False,0.0453371114232662,0.0453371114232662,Atom type electrotopological state,integer_low_cardinality,block_X_local_electronic_atom_environment,True,False,0.9275582573454914
SHBa,0.8418183398735416,False,0.03851744789289232,0.03851744789289232,Atom type electrotopological state,continuous_float_like,block_X_local_electronic_atom_environment,False,False,0.0030395136778115
WTPT-4,0.8382087209355806,False,0.031216381685645035,0.031216381685645035,Weighted path,continuous_float_like,block_Y_topological_connectivity_structure,False,False,0.0253292806484295
maxHBint4,0.836774755156309,False,0.02590676673626801,0.02590676673626801,Atom type electrotopological state,continuous_float_like,block_X_local_electronic_atom_environment,False,False,0.6940222897669707
SC-5,0.8366186927098194,False,-0.13382277593721542,0.13382277593721542,Chi cluster,continuous_float_like,block_Y_topological_connectivity_structure,False,False,0.0354609929078014
MDEC-34,0.8308064961463103,False,-0.17304544841777933,0.17304544841777933,Molecular distance edge,continuous_float_like,block_Y_topological_connectivity_structure,False,False,0.779128672745694
maxHBint3,0.8305915094097243,False,-0.12397368939319975,0.12397368939319975,Atom type electrotopological state,continuous_float_like,block_X_local_electronic_atom_environment,False,False,0.8095238095238095
nT10Ring,0.8280488796120106,False,-0.013119038266618328,0.013119038266618328,RingCountDescriptor,integer_low_cardinality,block_Y_topological_connectivity_structure,True,False,0.4989868287740628
nF10Ring,0.8280488796120106,False,-0.013119038266618328,0.013119038266618328,Ring count,integer_low_cardinality,block_Y_topological_connectivity_structure,True,False,0.4989868287740628
SHBint9,0.8272555031319401,False,0.027369502338414828,0.027369502338414828,Atom type electrotopological state,continuous_float_like,block_X_local_electronic_atom_environment,False,False,0.7548125633232016
MDEN-13,0.8267862697400852,False,0.008564026424773483,0.008564026424773483,Molecular distance edge,continuous_float_like,block_Y_topological_connectivity_structure,True,False,0.9772036474164134
ETA_EtaP_L,0.8262068188281433,False,0.02005889037624983,0.02005889037624983,Extended topochemical atom,continuous_float_like,block_X_local_electronic_atom_environment,False,False,0.0045592705167173
nsCH3,0.8258458763474553,False,-0.022369728761385495,0.022369728761385495,Atom type electrotopological state,integer_low_cardinality,block_X_local_electronic_atom_environment,True,False,0.3642350557244174
maxaaNH,0.8249701612478084,False,-0.05063794263180902,0.05063794263180902,Atom type electrotopological state,continuous_float_like,block_X_local_electronic_atom_environment,False,False,0.9275582573454914
minaaNH,0.8247837299967081,False,-0.04922821649894098,0.04922821649894098,Atom type electrotopological state,continuous_float_like,block_X_local_electronic_atom_environment,False,False,0.9275582573454914
VC-6,0.8236678121687823,False,0.11805317121967046,0.11805317121967046,Chi cluster,continuous_float_like,block_Y_topological_connectivity_structure,False,False,0.7477203647416414
mindssC,0.823347725074385,False,-0.01686940570545596,0.01686940570545596,Atom type electrotopological state,continuous_float_like,block_X_local_electronic_atom_environment,False,False,0.3824721377912867
nO,0.8210429581823947,False,0.015729495468535616,0.015729495468535616,Atom count,integer_low_cardinality,block_Y_topological_connectivity_structure,True,False,0.2953394123606889
SCH-7,0.8201978631626883,False,-0.043383474605730415,0.043383474605730415,Chi chain,continuous_float_like,block_Y_topological_connectivity_structure,False,False,0.0162107396149949
SaaNH,0.8165604155198294,False,0.04387170186429966,0.04387170186429966,Atom type electrotopological state,continuous_float_like,block_X_local_electronic_atom_environment,False,False,0.9275582573454914
SaasN,0.8153581001998764,False,-0.06364400534161226,0.06364400534161226,Atom type electrotopological state,continuous_float_like,block_X_local_electronic_atom_environment,False,False,0.903242147922999
nHBAcc3,0.8139007764002217,False,0.0027962358554311614,0.0027962358554311614,Hbond acceptor count,integer_low_cardinality,not_assigned,True,False,0.270516717325228
minHBint3,0.8102424125767558,False,0.057095750939021334,0.057095750939021334,Atom type electrotopological state,continuous_float_like,block_X_local_electronic_atom_environment,False,False,0.7938196555217831
ETA_dBetaP,0.8100436714190397,False,0.035243007129342724,0.035243007129342724,Extended topochemical atom,continuous_float_like,block_X_local_electronic_atom_environment,False,False,0.0243161094224924
ETA_dBeta,0.8099199152534466,False,0.005519116057539811,0.005519116057539811,Extended topochemical atom,continuous_float_like,block_X_local_electronic_atom_environment,False,False,0.0329280648429584
maxaasN,0.8091611608588526,False,-0.05123801174977301,0.05123801174977301,Atom type electrotopological state,continuous_float_like,block_X_local_electronic_atom_environment,False,False,0.903242147922999
MDEN-11,0.8081379888926254,False,-0.041892738435930534,0.041892738435930534,Molecular distance edge,continuous_float_like,block_Y_topological_connectivity_structure,True,False,0.9883485309017224
minaasN,0.8072745425312949,False,-0.04755060407843441,0.04755060407843441,Atom type electrotopological state,continuous_float_like,block_X_local_electronic_atom_environment,False,False,0.903242147922999
ETA_BetaP,0.8058095850037076,False,0.0033677424778174032,0.0033677424778174032,Extended topochemical atom,continuous_float_like,block_X_local_electronic_atom_environment,False,False,0.0227963525835866
ETA_Shape_Y,0.8031693052590901,False,0.06741981377335729,0.06741981377335729,Extended topochemical atom,continuous_float_like,block_X_local_electronic_atom_environment,False,False,0.0096251266464032
minHCsatu,0.8031393306418184,False,-0.06456294402530387,0.06456294402530387,Atom type electrotopological state,continuous_float_like,block_X_local_electronic_atom_environment,False,False,0.6170212765957447
ETA_BetaP_ns,0.797501510775098,False,0.019110826542982014,0.019110826542982014,Extended topochemical atom,continuous_float_like,block_X_local_electronic_atom_environment,False,False,0.0217831813576494
minHBint7,0.7907668837004106,False,0.10662435412202732,0.10662435412202732,Atom type electrotopological state,continuous_float_like,block_X_local_electronic_atom_environment,False,False,0.6514690982776089
HybRatio,0.7892495668748173,False,-0.007253210053731142,0.007253210053731142,HybridizationRatioDescriptor,continuous_float_like,not_assigned,False,False,0.1357649442755825
VCH-7,0.7884715588261185,False,-0.05837339673534577,0.05837339673534577,Chi chain,continuous_float_like,block_Y_topological_connectivity_structure,False,False,0.0146909827760891
MDEC-11,0.7876155651704251,False,-0.12950437653280025,0.12950437653280025,Molecular distance edge,continuous_float_like,block_Y_topological_connectivity_structure,False,False,0.6732522796352584
minwHBa,0.786327452256719,False,0.17778464199350874,0.17778464199350874,Atom type electrotopological state,continuous_float_like,block_X_local_electronic_atom_environment,False,False,0.0030395136778115
maxdsCH,0.786123975319885,False,-0.053065942694602915,0.053065942694602915,Atom type electrotopological state,continuous_float_like,block_X_local_electronic_atom_environment,False,False,0.7781155015197568
ETA_dAlpha_B,0.7824352889415366,False,0.03573814372310223,0.03573814372310223,Extended topochemical atom,continuous_float_like,block_X_local_electronic_atom_environment,False,False,0.0759878419452887
MDEC-24,0.7816551393446567,False,-0.10159261141730934,0.10159261141730934,Molecular distance edge,continuous_float_like,block_Y_topological_connectivity_structure,False,False,0.779128672745694
MDEC-13,0.7814213961026598,False,0.01665929428153306,0.01665929428153306,Molecular distance edge,continuous_float_like,block_Y_topological_connectivity_structure,False,False,0.3520770010131712
ALogp2,0.7795622923264849,False,-0.03500848957465714,0.03500848957465714,ALOGP,continuous_float_like,not_assigned,False,False,0.0045592705167173
maxHdNH,0.7792767935063605,False,0.004966049779596357,0.004966049779596357,Atom type electrotopological state,continuous_float_like,block_X_local_electronic_atom_environment,True,False,0.9924012158054712
MAXDP,0.7780708119992986,False,0.037502991716319184,0.037502991716319184,Atom type electrotopological state,continuous_float_like,block_X_local_electronic_atom_environment,False,False,0.0030395136778115
MAXDP2,0.7779987642747686,False,0.02001472024335446,0.02001472024335446,Atom type electrotopological state,continuous_float_like,block_X_local_electronic_atom_environment,False,False,0.0030395136778115
nF9Ring,0.7755133818272653,False,0.08556760750954634,0.08556760750954634,Ring count,integer_low_cardinality,block_Y_topological_connectivity_structure,True,False,0.6058763931104356
nT9Ring,0.7755133818272653,False,0.08556760750954634,0.08556760750954634,RingCountDescriptor,integer_low_cardinality,block_Y_topological_connectivity_structure,True,False,0.6058763931104356
SsCH3,0.7746695318839141,False,-0.04579875049196318,0.04579875049196318,Atom type electrotopological state,continuous_float_like,block_X_local_electronic_atom_environment,False,False,0.3642350557244174
ETA_EtaP_F_L,0.7741063946524644,False,-0.01667632655572438,0.01667632655572438,Extended topochemical atom,continuous_float_like,block_X_local_electronic_atom_environment,False,False,0.0045592705167173
naasN,0.7723699591098252,False,0.0903497402545719,0.0903497402545719,Atom type electrotopological state,integer_low_cardinality,block_X_local_electronic_atom_environment,True,False,0.903242147922999
maxdNH,0.772214045096907,False,-0.011751357349394973,0.011751357349394973,Atom type electrotopological state,continuous_float_like,block_X_local_electronic_atom_environment,True,False,0.9924012158054712
nT12Ring,0.7682511539815866,False,0.004634151251009277,0.004634151251009277,RingCountDescriptor,integer_low_cardinality,block_Y_topological_connectivity_structure,True,False,0.958966565349544
mindNH,0.7651693080464019,False,-0.01246253371343508,0.01246253371343508,Atom type electrotopological state,continuous_float_like,block_X_local_electronic_atom_environment,True,False,0.9924012158054712
minHdNH,0.7640073864962368,False,0.004192080033309209,0.004192080033309209,Atom type electrotopological state,continuous_float_like,block_X_local_electronic_atom_environment,True,False,0.9924012158054712
maxdssC,0.762896120982602,False,0.09603032482537249,0.09603032482537249,Atom type electrotopological state,continuous_float_like,block_X_local_electronic_atom_environment,False,False,0.6266464032421479
maxHBint6,0.7620041653049366,False,0.02189766330411062,0.02189766330411062,Atom type electrotopological state,continuous_float_like,block_X_local_electronic_atom_environment,False,False,0.6099290780141844
nFG12Ring,0.759075203119355,False,-0.045659711303916994,0.045659711303916994,Ring count,integer_low_cardinality,block_Y_topological_connectivity_structure,True,False,0.7836879432624113
nF12Ring,0.7589145789260154,False,0.0031895199014320076,0.0031895199014320076,Ring count,integer_low_cardinality,block_Y_topological_connectivity_structure,True,False,0.9594731509625126
mindS,0.7563962747207833,False,0.044655705111338276,0.044655705111338276,Atom type electrotopological state,continuous_float_like,block_X_local_electronic_atom_environment,True,False,0.9832826747720363
maxdS,0.7563962747207833,False,0.044655705111338276,0.044655705111338276,Atom type electrotopological state,continuous_float_like,block_X_local_electronic_atom_environment,True,False,0.9832826747720363
SdS,0.7563962747207833,False,0.044655705111338276,0.044655705111338276,Atom type electrotopological state,continuous_float_like,block_X_local_electronic_atom_environment,True,False,0.9832826747720363
MDEC-12,0.7549118250475745,False,0.15565560614203378,0.15565560614203378,Molecular distance edge,continuous_float_like,block_Y_topological_connectivity_structure,False,False,0.3520770010131712
minHBint4,0.7536309165120166,False,-0.01505115913581215,0.01505115913581215,Atom type electrotopological state,continuous_float_like,block_X_local_electronic_atom_environment,False,False,0.5785207700101317
BCUTw-1l,0.7531358974982364,False,-0.04139159151487927,0.04139159151487927,BCUT,continuous_float_like,block_X_local_electronic_atom_environment,False,False,0.2537993920972644
ndS,0.7514458018700428,False,-0.07643112024335763,0.07643112024335763,Atom type electrotopological state,binary_like,block_X_local_electronic_atom_environment,True,True,0.9832826747720363
nTG12Ring,0.7498542698408571,False,-0.04089781863059263,0.04089781863059263,RingCountDescriptor,integer_low_cardinality,block_Y_topological_connectivity_structure,True,False,0.7811550151975684
VC-4,0.7473611867693296,False,-0.05160772369078086,0.05160772369078086,Chi cluster,continuous_float_like,block_Y_topological_connectivity_structure,False,False,0.7223910840932117
maxHBint8,0.7405407775317648,False,0.013266208263144987,0.013266208263144987,Atom type electrotopological state,continuous_float_like,block_X_local_electronic_atom_environment,False,False,0.7406281661600811
BCUTw-1h,0.7389299572661049,False,0.12123924917899115,0.12123924917899115,BCUT,continuous_float_like,block_X_local_electronic_atom_environment,False,False,0.0146909827760891
maxHCsatu,0.7382336210380692,False,0.046090922279197116,0.046090922279197116,Atom type electrotopological state,continuous_float_like,block_X_local_electronic_atom_environment,False,False,0.6170212765957447
C4SP3,0.7326507779582718,False,-0.01539771996595355,0.01539771996595355,Carbon types,integer_low_cardinality,block_Y_topological_connectivity_structure,True,False,0.8632218844984803
minHBint8,0.729991289301405,False,-0.0513884044258493,0.0513884044258493,Atom type electrotopological state,continuous_float_like,block_X_local_electronic_atom_environment,False,False,0.7330293819655522
minHBint9,0.7259017845821742,False,0.021476522929705574,0.021476522929705574,Atom type electrotopological state,continuous_float_like,block_X_local_electronic_atom_environment,False,False,0.7548125633232016
VC-5,0.7255263607735163,False,0.11000672658755659,0.11000672658755659,Chi cluster,continuous_float_like,block_Y_topological_connectivity_structure,False,False,0.0253292806484295
MDEC-44,0.7216515198617958,False,0.024652132092820758,0.024652132092820758,Molecular distance edge,continuous_float_like,block_Y_topological_connectivity_structure,True,False,0.9544072948328268
SHBint7,0.718775968641736,False,-0.05975844151682509,0.05975844151682509,Atom type electrotopological state,continuous_float_like,block_X_local_electronic_atom_environment,False,False,0.6514690982776089
C3SP3,0.7171460029406914,False,-0.12556267457244713,0.12556267457244713,Carbon types,integer_low_cardinality,block_Y_topological_connectivity_structure,True,False,0.7639311043566362
maxHBint2,0.7158981676160892,False,-0.08706860606918698,0.08706860606918698,Atom type electrotopological state,continuous_float_like,block_X_local_electronic_atom_environment,False,False,0.7847011144883486
MDEO-11,0.712503095860118,False,-0.06837261197133448,0.06837261197133448,Molecular distance edge,continuous_float_like,block_Y_topological_connectivity_structure,False,False,0.2441742654508611
maxHother,0.7090095563876979,False,-0.12292235849857132,0.12292235849857132,Atom type electrotopological state,continuous_float_like,block_X_local_electronic_atom_environment,False,False,0.0060790273556231
gmin,0.707918335500146,False,-0.11954361762229757,0.11954361762229757,Atom type electrotopological state,continuous_float_like,block_X_local_electronic_atom_environment,False,False,0.0035460992907801
nssssC,0.7058595518186048,False,-0.053242486790472596,0.053242486790472596,Atom type electrotopological state,integer_low_cardinality,block_X_local_electronic_atom_environment,True,False,0.779128672745694
minaaCH,0.6995185267913544,False,0.01172134698722445,0.01172134698722445,Atom type electrotopological state,continuous_float_like,block_X_local_electronic_atom_environment,False,False,0.0288753799392097
MDEC-14,0.699436233197243,False,0.09114012560205975,0.09114012560205975,Molecular distance edge,continuous_float_like,block_Y_topological_connectivity_structure,False,False,0.8115501519756839
ETA_Shape_X,0.6954790869047165,False,0.08368491297715547,0.08368491297715547,Extended topochemical atom,continuous_float_like,block_X_local_electronic_atom_environment,False,False,0.7223910840932117
SC-6,0.6928941712386568,False,-0.09071835314027915,0.09071835314027915,Chi cluster,continuous_float_like,block_Y_topological_connectivity_structure,False,False,0.7477203647416414
minHAvin,0.6925957843755427,False,0.14035904120808582,0.14035904120808582,Atom type electrotopological state,continuous_float_like,block_X_local_electronic_atom_environment,False,False,0.8449848024316109
ATSm1,0.6924477045720945,False,-0.016882322540160033,0.016882322540160033,Autocorrelation (mass),continuous_float_like,block_Y_topological_connectivity_structure,False,False,0.0151975683890577
maxHAvin,0.6872558074662729,False,0.1395100446007871,0.1395100446007871,Atom type electrotopological state,continuous_float_like,block_X_local_electronic_atom_environment,False,False,0.8449848024316109
minaaaC,0.680704698036918,False,-0.12046905338858874,0.12046905338858874,Atom type electrotopological state,continuous_float_like,block_X_local_electronic_atom_environment,False,False,0.6448834853090172
minHother,0.6790559242449126,False,0.08678320187989284,0.08678320187989284,Atom type electrotopological state,continuous_float_like,block_X_local_electronic_atom_environment,False,False,0.0060790273556231
SssssC,0.6724876828535157,False,0.1249289628121935,0.1249289628121935,Atom type electrotopological state,continuous_float_like,block_X_local_electronic_atom_environment,False,False,0.779128672745694
minsssCH,0.6701954798374449,False,-0.07169631467653692,0.07169631467653692,Atom type electrotopological state,continuous_float_like,block_X_local_electronic_atom_environment,False,False,0.6063829787234043
FMF,0.6701612572149256,False,0.07110545184491919,0.07110545184491919,FMFDescriptor,continuous_float_like,not_assigned,False,False,0.0673758865248227
SdsCH,0.6700285600765954,False,-0.051492467793461234,0.051492467793461234,Atom type electrotopological state,continuous_float_like,block_X_local_electronic_atom_environment,False,False,0.7781155015197568
nwHBd,0.669825927872126,False,0.0960022933900262,0.0960022933900262,Atom type electrotopological state,integer_low_cardinality,block_X_local_electronic_atom_environment,True,False,0.9822695035460992
naaS,0.6681600883712322,False,-0.06079052615443689,0.06079052615443689,Atom type electrotopological state,integer_low_cardinality,block_X_local_electronic_atom_environment,True,False,0.9052684903748732
MAXDN2,0.6680623742526912,False,-0.08539837820194704,0.08539837820194704,Atom type electrotopological state,continuous_float_like,block_X_local_electronic_atom_environment,False,False,0.0035460992907801
naaaC,0.6641874777387171,False,0.10412261350191239,0.10412261350191239,Atom type electrotopological state,integer_low_cardinality,block_X_local_electronic_atom_environment,True,False,0.6448834853090172
ETA_dAlpha_A,0.6641365197503931,False,-0.038731236824085316,0.038731236824085316,Extended topochemical atom,continuous_float_like,block_X_local_electronic_atom_environment,False,False,0.9275582573454914
nAcid,0.6624181290718693,False,-0.05459450031751099,0.05459450031751099,Acidic group count,integer_low_cardinality,not_assigned,True,False,0.9017223910840932
ETA_EtaP_F,0.6613234474400307,False,-0.035694337370628354,0.035694337370628354,Extended topochemical atom,continuous_float_like,block_X_local_electronic_atom_environment,False,False,0.0030395136778115
maxHsNH2,0.6574650952949418,False,0.03534584319808214,0.03534584319808214,Atom type electrotopological state,continuous_float_like,block_X_local_electronic_atom_environment,True,False,0.9746707193515703
minHdsCH,0.6562997891095095,False,-0.0458866793167452,0.0458866793167452,Atom type electrotopological state,continuous_float_like,block_X_local_electronic_atom_environment,False,False,0.7781155015197568
nFRing,0.6525258304275307,False,0.0049793067917320265,0.0049793067917320265,Ring count,integer_low_cardinality,block_Y_topological_connectivity_structure,True,False,0.5668693009118541
LipinskiFailures,0.6519087101703023,False,0.010718081100107706,0.010718081100107706,Rule of five,integer_low_cardinality,not_assigned,True,False,0.89209726443769
minaaS,0.6512141711038377,False,-0.030084923282196023,0.030084923282196023,Atom type electrotopological state,continuous_float_like,block_X_local_electronic_atom_environment,False,False,0.9052684903748732
minHBint6,0.650691175556538,False,0.03008867193013242,0.03008867193013242,Atom type electrotopological state,continuous_float_like,block_X_local_electronic_atom_environment,False,False,0.538500506585613
SaaS,0.6477269168829302,False,-0.036987295178970266,0.036987295178970266,Atom type electrotopological state,continuous_float_like,block_X_local_electronic_atom_environment,False,False,0.9052684903748732
maxsNH2,0.6471959524983127,False,-0.04110975935258687,0.04110975935258687,Atom type electrotopological state,continuous_float_like,block_X_local_electronic_atom_environment,True,False,0.9746707193515703
maxaaaC,0.6467824803941732,False,-0.020869040717213787,0.020869040717213787,Atom type electrotopological state,continuous_float_like,block_X_local_electronic_atom_environment,False,False,0.6474164133738601
minHCHnX,0.6449124812994722,False,-0.09832565079546467,0.09832565079546467,Atom type electrotopological state,continuous_float_like,block_X_local_electronic_atom_environment,True,False,0.9802431610942248
nAtomP,0.6432676645826408,False,-0.05615053188998377,0.05615053188998377,Largest Pi system,integer_count_like,not_assigned,False,False,0.119047619047619
nHBint4,0.6409784742646029,False,-0.010770231986344653,0.010770231986344653,Atom type electrotopological state,integer_low_cardinality,block_X_local_electronic_atom_environment,True,False,0.5785207700101317
nHCHnX,0.6404461450794509,False,0.027965263974104836,0.027965263974104836,Atom type electrotopological state,integer_low_cardinality,block_X_local_electronic_atom_environment,True,False,0.9802431610942248
maxsCH3,0.6395146622324249,False,0.007072066605733143,0.007072066605733143,Atom type electrotopological state,continuous_float_like,block_X_local_electronic_atom_environment,False,False,0.3642350557244174
maxHaaCH,0.6365824016314054,False,0.0026637080772590033,0.0026637080772590033,Atom type electrotopological state,continuous_float_like,block_X_local_electronic_atom_environment,False,False,0.0288753799392097
maxHdsCH,0.6364101071490036,False,-0.04419453010235955,0.04419453010235955,Atom type electrotopological state,continuous_float_like,block_X_local_electronic_atom_environment,False,False,0.7781155015197568
maxHCHnX,0.6341409643891276,False,-0.05467571157884675,0.05467571157884675,Atom type electrotopological state,continuous_float_like,block_X_local_electronic_atom_environment,True,False,0.9802431610942248
minssssC,0.6312933802607399,False,-0.031904242978316844,0.031904242978316844,Atom type electrotopological state,continuous_float_like,block_X_local_electronic_atom_environment,False,False,0.779128672745694
minsNH2,0.6296886507606396,False,-0.04546881498494256,0.04546881498494256,Atom type electrotopological state,continuous_float_like,block_X_local_electronic_atom_environment,True,False,0.9746707193515703
SHCHnX,0.6277006387010527,False,-0.01418396584771746,0.01418396584771746,Atom type electrotopological state,continuous_float_like,block_X_local_electronic_atom_environment,True,False,0.9802431610942248
SwHBd,0.6274318516613191,False,0.02166223496007496,0.02166223496007496,Atom type electrotopological state,continuous_float_like,block_X_local_electronic_atom_environment,True,False,0.9822695035460992
minsCH3,0.6262246026963474,False,-0.0877312653732943,0.0877312653732943,Atom type electrotopological state,continuous_float_like,block_X_local_electronic_atom_environment,False,False,0.3642350557244174
MAXDN,0.6261661653363209,False,0.018380951099962826,0.018380951099962826,Atom type electrotopological state,continuous_float_like,block_X_local_electronic_atom_environment,False,False,0.0035460992907801
minHaaCH,0.6256892668687128,False,0.009249040507256542,0.009249040507256542,Atom type electrotopological state,continuous_float_like,block_X_local_electronic_atom_environment,False,False,0.0288753799392097
hmax,0.6251142186170805,False,0.04795131834012383,0.04795131834012383,Atom type electrotopological state,continuous_float_like,block_X_local_electronic_atom_environment,False,False,0.022289766970618
minwHBd,0.6249151791144448,False,-0.0610722949552444,0.0610722949552444,Atom type electrotopological state,continuous_float_like,block_X_local_electronic_atom_environment,True,False,0.9822695035460992
maxwHBd,0.6245258251189748,False,-0.017830014159508592,0.017830014159508592,Atom type electrotopological state,continuous_float_like,block_X_local_electronic_atom_environment,True,False,0.9822695035460992
maxsBr,0.6212572521563136,False,-0.09463485737699386,0.09463485737699386,Atom type electrotopological state,continuous_float_like,block_X_local_electronic_atom_environment,True,False,0.9594731509625126
minHsNH2,0.6203674597311869,False,0.028684941406203028,0.028684941406203028,Atom type electrotopological state,continuous_float_like,block_X_local_electronic_atom_environment,True,False,0.9746707193515703
ETA_AlphaP,0.6189502939083115,False,-0.0441639927624177,0.0441639927624177,Extended topochemical atom,continuous_float_like,block_X_local_electronic_atom_environment,False,False,0.0238095238095238
SC-4,0.6179361444005879,False,-0.022353260217983787,0.022353260217983787,Chi cluster,continuous_float_like,block_Y_topological_connectivity_structure,False,False,0.7223910840932117
gmax,0.6137178857163402,False,-0.04552599414098116,0.04552599414098116,Atom type electrotopological state,continuous_float_like,block_X_local_electronic_atom_environment,False,False,0.0030395136778115
SaaaC,0.6128925861421429,False,0.010839902778092578,0.010839902778092578,Atom type electrotopological state,continuous_float_like,block_X_local_electronic_atom_environment,False,False,0.6448834853090172
SHdsCH,0.6099985986290201,False,0.10742006558185678,0.10742006558185678,Atom type electrotopological state,continuous_float_like,block_X_local_electronic_atom_environment,False,False,0.7781155015197568
maxHBint9,0.6075747454160373,False,0.017257385231216622,0.017257385231216622,Atom type electrotopological state,continuous_float_like,block_X_local_electronic_atom_environment,False,False,0.7563323201621074
nF8Ring,0.6037030581323217,False,0.029845138087886452,0.029845138087886452,Ring count,integer_low_cardinality,block_Y_topological_connectivity_structure,True,False,0.9701114488348532
nT8Ring,0.6035833202203663,False,0.028463992655046993,0.028463992655046993,RingCountDescriptor,integer_low_cardinality,block_Y_topological_connectivity_structure,True,False,0.9680851063829788
nF6Ring,0.6023219157632512,False,-0.029947035958510643,0.029947035958510643,Ring count,integer_low_cardinality,block_Y_topological_connectivity_structure,True,False,0.9696048632218844
maxwHBa,0.5976298754321959,False,-0.06908891322104399,0.06908891322104399,Atom type electrotopological state,continuous_float_like,block_X_local_electronic_atom_environment,False,False,0.0035460992907801
MDEN-33,0.5908575360522048,False,0.019384421219060238,0.019384421219060238,Molecular distance edge,continuous_float_like,block_Y_topological_connectivity_structure,False,False,0.8708206686930091
ndsCH,0.5895712936617493,False,0.02546021395480604,0.02546021395480604,Atom type electrotopological state,integer_low_cardinality,block_X_local_electronic_atom_environment,True,False,0.7781155015197568
nHdsCH,0.5895712936617493,False,0.02546021395480599,0.02546021395480599,Atom type electrotopological state,integer_low_cardinality,block_X_local_electronic_atom_environment,True,False,0.7781155015197568
SsBr,0.5837252674614843,False,0.02670389195831234,0.02670389195831234,Atom type electrotopological state,continuous_float_like,block_X_local_electronic_atom_environment,False,False,0.941742654508612
minsBr,0.5766255796874384,False,0.058181441061549335,0.058181441061549335,Atom type electrotopological state,continuous_float_like,block_X_local_electronic_atom_environment,False,False,0.941742654508612
mintsC,0.5744298824181105,False,0.04366215852957364,0.04366215852957364,Atom type electrotopological state,continuous_float_like,block_X_local_electronic_atom_environment,False,False,0.9483282674772036
maxtsC,0.5728183952409396,False,0.04155326846627155,0.04155326846627155,Atom type electrotopological state,continuous_float_like,block_X_local_electronic_atom_environment,False,False,0.9483282674772036
nHAvin,0.5666970273347851,False,-0.08112195760353172,0.08112195760353172,Atom type electrotopological state,integer_low_cardinality,block_X_local_electronic_atom_environment,True,False,0.8449848024316109
maxHBint7,0.5620869969305977,False,0.05740642783638015,0.05740642783638015,Atom type electrotopological state,continuous_float_like,block_X_local_electronic_atom_environment,False,False,0.6636271529888551
minddssS,0.5616277547730444,False,0.028989115353194254,0.028989115353194254,Atom type electrotopological state,continuous_float_like,block_X_local_electronic_atom_environment,False,False,0.9376899696048632
SddssS,0.5616277547730444,False,0.028989115353194254,0.028989115353194254,Atom type electrotopological state,continuous_float_like,block_X_local_electronic_atom_environment,False,False,0.9376899696048632
SHAvin,0.5614746556750662,False,-0.0552660389038702,0.0552660389038702,Atom type electrotopological state,continuous_float_like,block_X_local_electronic_atom_environment,False,False,0.8449848024316109
nBondsT,0.5569818007559911,False,-0.0108805576956473,0.0108805576956473,Bond count,integer_low_cardinality,block_Y_topological_connectivity_structure,True,False,0.9483282674772036
nddssS,0.5569704520751656,False,0.012810315098769355,0.012810315098769355,Atom type electrotopological state,binary_like,block_X_local_electronic_atom_environment,True,False,0.9376899696048632
VCH-4,0.5560571855614104,False,0.001789612804304658,0.001789612804304658,Chi chain,continuous_float_like,block_Y_topological_connectivity_structure,True,False,0.9842958459979736
C1SP1,0.5548358707748744,False,-0.01151781092625626,0.01151781092625626,Carbon types,integer_low_cardinality,block_Y_topological_connectivity_structure,True,False,0.9513677811550152
maxHBa,0.5443015667000797,False,0.033673939958102764,0.033673939958102764,Atom type electrotopological state,continuous_float_like,block_X_local_electronic_atom_environment,False,False,0.0030395136778115
SCH-4,0.5439849341428807,False,0.01915636279071585,0.01915636279071585,Chi chain,continuous_float_like,block_Y_topological_connectivity_structure,True,False,0.9842958459979736
ntsC,0.5398771656272788,False,-0.009789466933327365,0.009789466933327365,Atom type electrotopological state,integer_low_cardinality,block_X_local_electronic_atom_environment,True,False,0.9483282674772036
StsC,0.5276564180902754,False,-0.005229212218541198,0.005229212218541198,Atom type electrotopological state,continuous_float_like,block_X_local_electronic_atom_environment,False,False,0.9483282674772036
maxdCH2,0.5252744757285576,False,-0.0010872195486885646,0.0010872195486885646,Atom type electrotopological state,continuous_float_like,block_X_local_electronic_atom_environment,True,False,0.9766970618034448
SdCH2,0.5252744757285576,False,-0.0010872195486885646,0.0010872195486885646,Atom type electrotopological state,continuous_float_like,block_X_local_electronic_atom_environment,True,False,0.9766970618034448
mindCH2,0.5252744757285576,False,-0.0010872195486885646,0.0010872195486885646,Atom type electrotopological state,continuous_float_like,block_X_local_electronic_atom_environment,True,False,0.9766970618034448
maxtCH,0.5214804731960447,False,0.05262260591931707,0.05262260591931707,Atom type electrotopological state,continuous_float_like,block_X_local_electronic_atom_environment,True,False,0.991388044579534
mintCH,0.5214804731960447,False,0.05262260591931707,0.05262260591931707,Atom type electrotopological state,continuous_float_like,block_X_local_electronic_atom_environment,True,False,0.991388044579534
StCH,0.5214804731960447,False,0.05262260591931707,0.05262260591931707,Atom type electrotopological state,continuous_float_like,block_X_local_electronic_atom_environment,True,False,0.991388044579534
nHdCH2,0.5201518183785473,False,0.006639968174031549,0.006639968174031549,Atom type electrotopological state,binary_like,block_X_local_electronic_atom_environment,True,True,0.9766970618034448
ndCH2,0.5201518183785471,False,0.006639968174031447,0.006639968174031447,Atom type electrotopological state,binary_like,block_X_local_electronic_atom_environment,True,True,0.9766970618034448
minHtCH,0.5159036470874632,False,-0.06109350228299194,0.06109350228299194,Atom type electrotopological state,continuous_float_like,block_X_local_electronic_atom_environment,True,False,0.991388044579534
SHtCH,0.5159036470874632,False,-0.06109350228299194,0.06109350228299194,Atom type electrotopological state,continuous_float_like,block_X_local_electronic_atom_environment,True,False,0.991388044579534
maxHtCH,0.5159036470874632,False,-0.06109350228299194,0.06109350228299194,Atom type electrotopological state,continuous_float_like,block_X_local_electronic_atom_environment,True,False,0.991388044579534
ntCH,0.515358955578174,False,0.035118853644346436,0.035118853644346436,Atom type electrotopological state,binary_like,block_X_local_electronic_atom_environment,True,True,0.991388044579534
nHtCH,0.515358955578174,False,0.035118853644346394,0.035118853644346394,Atom type electrotopological state,binary_like,block_X_local_electronic_atom_environment,True,True,0.991388044579534
maxHdCH2,0.5010271529125438,False,0.007310730968294662,0.007310730968294662,Atom type electrotopological state,continuous_float_like,block_X_local_electronic_atom_environment,True,False,0.9766970618034448
minHdCH2,0.5010271529125438,False,0.007310730968294662,0.007310730968294662,Atom type electrotopological state,continuous_float_like,block_X_local_electronic_atom_environment,True,False,0.9766970618034448
SHdCH2,0.5010271529125438,False,0.007310730968294662,0.007310730968294662,Atom type electrotopological state,continuous_float_like,block_X_local_electronic_atom_environment,True,False,0.9766970618034448
nsBr,0.500778276508819,False,-0.02035966195707195,0.02035966195707195,Atom type electrotopological state,integer_low_cardinality,block_X_local_electronic_atom_environment,True,False,0.941742654508612
nBr,0.500778276508819,False,-0.02035966195707195,0.02035966195707195,Atom count,integer_low_cardinality,block_Y_topological_connectivity_structure,True,False,0.941742654508612
ETA_dPsi_B,0.49831406209262563,False,-0.0430449658964043,0.0430449658964043,Extended topochemical atom,continuous_float_like,block_X_local_electronic_atom_environment,True,False,0.9979736575481256
minHBint2,0.49699647696407684,False,0.05849018905106688,0.05849018905106688,Atom type electrotopological state,continuous_float_like,block_X_local_electronic_atom_environment,False,False,0.7826747720364742
maxssssC,0.4963256554980377,False,-0.029188993955663822,0.029188993955663822,Atom type electrotopological state,continuous_float_like,block_X_local_electronic_atom_environment,False,False,0.9199594731509624
StN,0.4912167683872854,False,-0.03604651417167268,0.03604651417167268,Atom type electrotopological state,continuous_float_like,block_X_local_electronic_atom_environment,True,False,0.9599797365754812
ntN,0.49061638271365254,False,-0.02762190787264223,0.02762190787264223,Atom type electrotopological state,integer_low_cardinality,block_X_local_electronic_atom_environment,True,False,0.9599797365754812
mintN,0.4805579438000094,False,0.01708052056414152,0.01708052056414152,Atom type electrotopological state,continuous_float_like,block_X_local_electronic_atom_environment,True,False,0.9599797365754812
maxtN,0.48051911660249474,False,0.016777824279423523,0.016777824279423523,Atom type electrotopological state,continuous_float_like,block_X_local_electronic_atom_environment,True,False,0.9599797365754812
SsI,0.46487399120571615,False,0.013774453586887683,0.013774453586887683,Atom type electrotopological state,continuous_float_like,block_X_local_electronic_atom_environment,True,False,0.9979736575481256
nsI,0.4631429250900393,False,0.010580061972779454,0.010580061972779454,Atom type electrotopological state,integer_low_cardinality,block_X_local_electronic_atom_environment,True,False,0.9979736575481256
nI,0.4631429250900393,False,0.010580061972779454,0.010580061972779454,Atom count,integer_low_cardinality,block_Y_topological_connectivity_structure,True,False,0.9979736575481256
minsCl,0.46209237643824064,False,0.05152903779160281,0.05152903779160281,Atom type electrotopological state,continuous_float_like,block_X_local_electronic_atom_environment,False,False,0.9123606889564336
maxsCl,0.4539534270430624,False,0.03695493363699981,0.03695493363699981,Atom type electrotopological state,continuous_float_like,block_X_local_electronic_atom_environment,False,False,0.9123606889564336
minsI,0.4453179863612783,False,0.02906244058328962,0.02906244058328962,Atom type electrotopological state,continuous_float_like,block_X_local_electronic_atom_environment,True,False,0.9979736575481256
n3Ring,0.44204215873947156,False,-0.0020625748741165515,0.0020625748741165515,Ring count,binary_like,block_Y_topological_connectivity_structure,True,True,0.9934143870314084
VCH-3,0.4402863139175982,False,-0.008390183168770857,0.008390183168770857,Chi chain,continuous_float_like,block_Y_topological_connectivity_structure,True,False,0.9934143870314084
SCH-3,0.440286313917598,False,-0.008390183168770837,0.008390183168770837,Chi chain,continuous_float_like,block_Y_topological_connectivity_structure,True,False,0.9934143870314084
nsCl,0.4332439090892231,False,-0.008593949186987988,0.008593949186987988,Atom type electrotopological state,integer_low_cardinality,block_X_local_electronic_atom_environment,True,False,0.9123606889564336
nCl,0.4332439090892231,False,-0.008593949186987988,0.008593949186987988,Atom count,integer_low_cardinality,block_Y_topological_connectivity_structure,True,False,0.9123606889564336
SsCl,0.4279838671012555,False,-0.060370365197065005,0.060370365197065005,Atom type electrotopological state,continuous_float_like,block_X_local_electronic_atom_environment,False,False,0.9123606889564336
C2SP1,0.42499847033248955,False,0.023812218936650083,0.023812218936650083,Carbon types,integer_low_cardinality,block_Y_topological_connectivity_structure,True,False,0.9883485309017224
minsOm,0.42075630846282797,False,0.03351191477552597,0.03351191477552597,Atom type electrotopological state,continuous_float_like,block_X_local_electronic_atom_environment,True,False,0.9908814589665652
maxsOm,0.42014150025749764,False,0.03220409267655827,0.03220409267655827,Atom type electrotopological state,continuous_float_like,block_X_local_electronic_atom_environment,True,False,0.9908814589665652
SsOm,0.40765154163359246,False,-0.03004578537710925,0.03004578537710925,Atom type electrotopological state,continuous_float_like,block_X_local_electronic_atom_environment,True,False,0.9908814589665652
nsOm,0.4075855015524308,False,-0.03313986466325286,0.03313986466325286,Atom type electrotopological state,integer_low_cardinality,block_X_local_electronic_atom_environment,True,False,0.9908814589665652
nF7Ring,0.4074193338691133,False,-0.022583212903067158,0.022583212903067158,Ring count,integer_low_cardinality,block_Y_topological_connectivity_structure,True,False,0.99645390070922
PetitjeanNumber,0.4003317190452827,False,-0.03074657704489814,0.03074657704489814,Petitjean number,continuous_float_like,not_assigned,True,False,0.4792299898682877
n12Ring,0.39510554151826305,False,0.01617734321879531,0.01617734321879531,Ring count,binary_like,block_Y_topological_connectivity_structure,True,True,0.9994934143870314
nT4Ring,0.3342605278634618,False,-0.007152156427569764,0.007152156427569764,RingCountDescriptor,integer_low_cardinality,block_Y_topological_connectivity_structure,True,False,0.9908814589665652
n4Ring,0.3342605278634618,False,-0.007152156427569764,0.007152156427569764,Ring count,integer_low_cardinality,block_Y_topological_connectivity_structure,True,False,0.9908814589665652
mindsssP,0.2844850629985826,False,-0.005803515901462941,0.005803515901462941,Atom type electrotopological state,continuous_float_like,block_X_local_electronic_atom_environment,True,False,0.9989868287740628
SdsssP,0.2844850629985826,False,-0.005803515901462941,0.005803515901462941,Atom type electrotopological state,continuous_float_like,block_X_local_electronic_atom_environment,True,False,0.9989868287740628
ndsssP,0.2844338394402036,False,0.005849105229304109,0.005849105229304109,Atom type electrotopological state,binary_like,block_X_local_electronic_atom_environment,True,True,0.9989868287740628
nP,0.2844338394402036,False,0.005849105229304109,0.005849105229304109,Atom count,binary_like,block_Y_topological_connectivity_structure,True,True,0.9989868287740628
SdssS,0.27208016003226354,False,-0.02004592967925495,0.02004592967925495,Atom type electrotopological state,continuous_float_like,block_X_local_electronic_atom_environment,True,False,0.9994934143870314
ndssS,0.27208016003226354,False,0.020045929679254927,0.020045929679254927,Atom type electrotopological state,binary_like,block_X_local_electronic_atom_environment,True,True,0.9994934143870314
mindssS,0.27208016003226354,False,-0.02004592967925495,0.02004592967925495,Atom type electrotopological state,continuous_float_like,block_X_local_electronic_atom_environment,True,False,0.9994934143870314
maxsSH,0.26183410714743394,False,-0.002119568123072477,0.002119568123072477,Atom type electrotopological state,continuous_float_like,block_X_local_electronic_atom_environment,True,False,0.9994934143870314
SsSH,0.26183410714743394,False,-0.002119568123072477,0.002119568123072477,Atom type electrotopological state,continuous_float_like,block_X_local_electronic_atom_environment,True,False,0.9994934143870314
minsSH,0.26183410714743394,False,-0.002119568123072477,0.002119568123072477,Atom type electrotopological state,continuous_float_like,block_X_local_electronic_atom_environment,True,False,0.9994934143870314
nsSH,0.2618341071474338,False,-0.0021195681230724655,0.0021195681230724655,Atom type electrotopological state,binary_like,block_X_local_electronic_atom_environment,True,True,0.9994934143870314
maxHsSH,0.2618341071474338,False,-0.0021195681230724685,0.0021195681230724685,Atom type electrotopological state,continuous_float_like,block_X_local_electronic_atom_environment,True,False,0.9994934143870314
SHsSH,0.2618341071474338,False,-0.0021195681230724685,0.0021195681230724685,Atom type electrotopological state,continuous_float_like,block_X_local_electronic_atom_environment,True,False,0.9994934143870314
minHsSH,0.2618341071474338,False,-0.002119568123072466,0.002119568123072466,Atom type electrotopological state,continuous_float_like,block_X_local_electronic_atom_environment,True,False,0.9994934143870314
nHsSH,0.2618341071474338,False,-0.0021195681230724655,0.0021195681230724655,Atom type electrotopological state,binary_like,block_X_local_electronic_atom_environment,True,True,0.9994934143870314
n8Ring,0.2514671559744947,False,-0.006679329101892204,0.006679329101892204,Ring count,binary_like,block_Y_topological_connectivity_structure,True,True,0.9979736575481256
SssssNp,0.19120010831441306,False,0.003856252058041393,0.003856252058041393,Atom type electrotopological state,continuous_float_like,block_X_local_electronic_atom_environment,True,False,0.9994934143870314
maxssssNp,0.19120010831441306,False,0.003856252058041393,0.003856252058041393,Atom type electrotopological state,continuous_float_like,block_X_local_electronic_atom_environment,True,False,0.9994934143870314
minssssNp,0.19120010831441306,False,0.003856252058041393,0.003856252058041393,Atom type electrotopological state,continuous_float_like,block_X_local_electronic_atom_environment,True,False,0.9994934143870314
nssssNp,0.19120010831441306,False,0.003856252058041379,0.003856252058041379,Atom type electrotopological state,binary_like,block_X_local_electronic_atom_environment,True,True,0.9994934143870314
