descriptor,VIP,VIP_ge_1
nAcid,0.6624181290718693,False
ALogP,1.1085357816968093,True
ALogp2,0.7795622923264849,False
AMR,1.55020851170119,True
apol,1.4504885490346109,True
naAromAtom,1.2985927601551481,True
nAromBond,1.199929527481246,True
nAtom,1.3953487391310442,True
nHeavyAtom,1.3722558843238348,True
nH,1.3360874999472532,True
nC,1.6512180909222172,True
nN,1.1904960591775011,True
nO,0.8210429581823947,False
nS,0.8702369052015778,False
nP,0.2844338394402036,False
nF,0.9824427044477663,False
nCl,0.4332439090892231,False
nBr,0.500778276508819,False
nI,0.4631429250900393,False
nX,0.9286832514980281,False
ATSc1,1.0255260859398587,True
ATSc2,1.0690742863249212,True
ATSc3,1.5165571921451309,True
ATSc4,1.3995295264347254,True
ATSc5,0.8749945354845327,False
ATSm1,0.6924477045720945,False
ATSm2,1.2551463678491313,True
ATSm3,1.215660622699671,True
ATSm4,1.2067692998927804,True
ATSm5,1.118548784117825,True
ATSp1,1.4857455153774257,True
ATSp2,1.4936379229632057,True
ATSp3,1.464289946769849,True
ATSp4,1.4886801240398375,True
ATSp5,1.4619354937589808,True
nBase,0.9277219459894148,False
BCUTw-1l,0.7531358974982364,False
BCUTw-1h,0.7389299572661049,False
BCUTc-1l,1.3408093223756365,True
BCUTc-1h,1.2707280227957427,True
BCUTp-1l,0.8533484285381185,False
BCUTp-1h,1.6313301267302183,True
nBonds,1.4287860027045003,True
nBonds2,1.4283885679715378,True
nBondsS,1.3908137656496737,True
nBondsS2,1.2784930863657742,True
nBondsS3,1.1595735030627836,True
nBondsD,1.0095638029540794,True
nBondsD2,1.3324595350548654,True
nBondsT,0.5569818007559911,False
nBondsM,1.0264470950454296,True
bpol,1.261844543645333,True
C1SP1,0.5548358707748744,False
C2SP1,0.42499847033248955,False
C1SP2,1.8014430772323018,True
C2SP2,1.592896654511461,True
C3SP2,1.4862536107773856,True
C1SP3,1.297704050916832,True
C2SP3,0.9503152117095819,False
C3SP3,0.7171460029406914,False
C4SP3,0.7326507779582718,False
SCH-3,0.440286313917598,False
SCH-4,0.5439849341428807,False
SCH-5,0.953225656810327,False
SCH-6,0.9261381450100749,False
SCH-7,0.8201978631626883,False
VCH-3,0.4402863139175982,False
VCH-4,0.5560571855614104,False
VCH-5,0.8816235653793312,False
VCH-6,0.9482132342528418,False
VCH-7,0.7884715588261185,False
SC-3,0.979146956384104,False
SC-4,0.6179361444005879,False
SC-5,0.8366186927098194,False
SC-6,0.6928941712386568,False
VC-3,0.9670372932726718,False
VC-4,0.7473611867693296,False
VC-5,0.7255263607735163,False
VC-6,0.8236678121687823,False
SPC-4,0.996658375671541,False
SPC-5,1.001028392712426,True
SPC-6,1.0066270269120279,True
VPC-4,1.011474453604221,True
VPC-5,0.9780389355300502,False
VPC-6,0.9686057637471204,False
SP-0,1.3124455761820097,True
SP-1,1.394672176215552,True
SP-2,1.3797468834480306,True
SP-3,1.440904273008526,True
SP-4,1.4474230709933806,True
SP-5,1.5484415669687273,True
SP-6,1.491698093165243,True
SP-7,1.5199438233434226,True
VP-0,1.3671253998029365,True
VP-1,1.4383828912205494,True
VP-2,1.4240319165790518,True
VP-3,1.4474398194919966,True
VP-4,1.426660492373055,True
VP-5,1.407780492845951,True
VP-6,1.2545059755910493,True
VP-7,1.1924674256258319,True
CrippenLogP,1.6322256521565923,True
CrippenMR,1.4120493487353483,True
ECCEN,1.1884859357976403,True
nHBd,1.0217586379039636,True
nwHBd,0.669825927872126,False
nHBa,0.9007162197942606,False
nwHBa,1.3742132768715827,True
nHBint2,0.9947016604354979,False
nHBint3,0.9720804119307007,False
nHBint4,0.6409784742646029,False
nHBint5,0.8866462079809929,False
nHBint6,0.9455755720245729,False
nHBint7,0.8827348335100463,False
nHBint8,0.9413914594484871,False
nHBint9,0.909095769211569,False
nHBint10,1.02330510581072,True
nHsOH,1.6413339551179102,True
nHdNH,0.8972824410067307,False
nHsSH,0.2618341071474338,False
nHsNH2,0.9262799981390122,False
nHssNH,1.103216215948416,True
nHaaNH,0.8431168044219128,False
nHtCH,0.515358955578174,False
nHdCH2,0.5201518183785473,False
nHdsCH,0.5895712936617493,False
nHaaCH,1.509742291621235,True
nHCHnX,0.6404461450794509,False
nHCsats,1.1688697187292378,True
nHCsatu,0.9178471253015665,False
nHAvin,0.5666970273347851,False
nHother,1.4753459811250393,True
nsCH3,0.8258458763474553,False
ndCH2,0.5201518183785471,False
nssCH2,1.152548980061604,True
ntCH,0.515358955578174,False
ndsCH,0.5895712936617493,False
naaCH,1.509742291621235,True
nsssCH,0.98623703234613,False
ntsC,0.5398771656272788,False
ndssC,1.114678295493964,True
naasC,1.353753196610474,True
naaaC,0.6641874777387171,False
nssssC,0.7058595518186048,False
nsNH2,0.9262799981390122,False
ndNH,0.8972824410067307,False
nssNH,1.103216215948416,True
naaNH,0.8431168044219128,False
ntN,0.49061638271365254,False
ndsN,1.0835240309675047,True
naaN,1.3106090241732427,True
nsssN,0.9823955538229046,False
naasN,0.7723699591098252,False
nssssNp,0.19120010831441306,False
nsOH,1.6413339551179102,True
ndO,1.4357127683534958,True
nssO,1.0448662110685505,True
naaO,1.0732969916206638,True
nsOm,0.4075855015524308,False
nsF,0.9824427044477663,False
ndsssP,0.2844338394402036,False
nsSH,0.2618341071474338,False
ndS,0.7514458018700428,False
nssS,0.8959458965787074,False
naaS,0.6681600883712322,False
ndssS,0.27208016003226354,False
nddssS,0.5569704520751656,False
nsCl,0.4332439090892231,False
nsBr,0.500778276508819,False
nsI,0.4631429250900393,False
SHBd,1.1227919541192308,True
SwHBd,0.6274318516613191,False
SHBa,0.8418183398735416,False
SwHBa,1.5768584421709673,True
SHBint2,0.9641395183551109,False
SHBint3,0.9418063475612514,False
SHBint4,0.9106024507522475,False
SHBint5,0.9142386235456538,False
SHBint6,0.9269881261549539,False
SHBint7,0.718775968641736,False
SHBint8,0.986641910357004,False
SHBint9,0.8272555031319401,False
SHBint10,1.0560327642407363,True
SHsOH,1.6354710899352203,True
SHdNH,0.9010037180073581,False
SHsSH,0.2618341071474338,False
SHsNH2,0.9248963303975644,False
SHssNH,1.2156068614873028,True
SHaaNH,0.8819979144516235,False
SHtCH,0.5159036470874632,False
SHdCH2,0.5010271529125438,False
SHdsCH,0.6099985986290201,False
SHaaCH,1.3537472132802064,True
SHCHnX,0.6277006387010527,False
SHCsats,1.173912269094199,True
SHCsatu,0.8856294605085364,False
SHAvin,0.5614746556750662,False
SHother,1.3053486438176929,True
SsCH3,0.7746695318839141,False
SdCH2,0.5252744757285576,False
SssCH2,1.2560293371146825,True
StCH,0.5214804731960447,False
SdsCH,0.6700285600765954,False
SaaCH,1.54981589738568,True
SsssCH,0.9183774610836767,False
StsC,0.5276564180902754,False
SdssC,0.8534380485758523,False
SaasC,1.3171744354492056,True
SaaaC,0.6128925861421429,False
SssssC,0.6724876828535157,False
SsNH2,0.9232124450186754,False
SdNH,0.8935339109950252,False
SssNH,1.1025633674705715,True
SaaNH,0.8165604155198294,False
StN,0.4912167683872854,False
SdsN,1.1097030924801432,True
SaaN,1.321411937162831,True
SsssN,1.2064466939756793,True
SaasN,0.8153581001998764,False
SssssNp,0.19120010831441306,False
SsOH,1.63299818099509,True
SdO,1.409745015358176,True
SssO,1.1004091342794833,True
SaaO,1.0754780968820417,True
SsOm,0.40765154163359246,False
SsF,1.0001294415436424,True
SdsssP,0.2844850629985826,False
SsSH,0.26183410714743394,False
SdS,0.7563962747207833,False
SssS,0.9109473785237309,False
SaaS,0.6477269168829302,False
SdssS,0.27208016003226354,False
SddssS,0.5616277547730444,False
SsCl,0.4279838671012555,False
SsBr,0.5837252674614843,False
SsI,0.46487399120571615,False
minHBd,1.5546667802371708,True
minwHBd,0.6249151791144448,False
minHBa,0.8936265341898804,False
minwHBa,0.786327452256719,False
minHBint2,0.49699647696407684,False
minHBint3,0.8102424125767558,False
minHBint4,0.7536309165120166,False
minHBint5,1.0542632704821688,True
minHBint6,0.650691175556538,False
minHBint7,0.7907668837004106,False
minHBint8,0.729991289301405,False
minHBint9,0.7259017845821742,False
minHBint10,1.4996253053566249,True
minHsOH,1.9753987396591501,True
minHdNH,0.7640073864962368,False
minHsSH,0.2618341071474338,False
minHsNH2,0.6203674597311869,False
minHssNH,1.5034313199676386,True
minHaaNH,0.8859009940526995,False
minHtCH,0.5159036470874632,False
minHdCH2,0.5010271529125438,False
minHdsCH,0.6562997891095095,False
minHaaCH,0.6256892668687128,False
minHCHnX,0.6449124812994722,False
minHCsats,1.0167611960752292,True
minHCsatu,0.8031393306418184,False
minHAvin,0.6925957843755427,False
minHother,0.6790559242449126,False
minsCH3,0.6262246026963474,False
mindCH2,0.5252744757285576,False
minssCH2,0.9111998614426159,False
mintCH,0.5214804731960447,False
mindsCH,0.9039647394127749,False
minaaCH,0.6995185267913544,False
minsssCH,0.6701954798374449,False
mintsC,0.5744298824181105,False
mindssC,0.823347725074385,False
minaasC,0.865485503351744,False
minaaaC,0.680704698036918,False
minssssC,0.6312933802607399,False
minsNH2,0.6296886507606396,False
mindNH,0.7651693080464019,False
minssNH,1.300511749609937,True
minaaNH,0.8247837299967081,False
mintN,0.4805579438000094,False
mindsN,1.1333920807403997,True
minaaN,1.2483416520748545,True
minsssN,1.5717514824169978,True
minaasN,0.8072745425312949,False
minssssNp,0.19120010831441306,False
minsOH,2.009545844314274,True
mindO,1.6403575978681952,True
minssO,1.0469450209506521,True
minaaO,1.0676676981041924,True
minsOm,0.42075630846282797,False
minsF,1.0047084027720476,True
mindsssP,0.2844850629985826,False
minsSH,0.26183410714743394,False
mindS,0.7563962747207833,False
minssS,0.9413483941719027,False
minaaS,0.6512141711038377,False
mindssS,0.27208016003226354,False
minddssS,0.5616277547730444,False
minsCl,0.46209237643824064,False
minsBr,0.5766255796874384,False
minsI,0.4453179863612783,False
maxHBd,1.6642807608849435,True
maxwHBd,0.6245258251189748,False
maxHBa,0.5443015667000797,False
maxwHBa,0.5976298754321959,False
maxHBint2,0.7158981676160892,False
maxHBint3,0.8305915094097243,False
maxHBint4,0.836774755156309,False
maxHBint5,0.931758142886399,False
maxHBint6,0.7620041653049366,False
maxHBint7,0.5620869969305977,False
maxHBint8,0.7405407775317648,False
maxHBint9,0.6075747454160373,False
maxHBint10,1.2962408030387513,True
maxHsOH,1.9797777886546688,True
maxHdNH,0.7792767935063605,False
maxHsSH,0.2618341071474338,False
maxHsNH2,0.6574650952949418,False
maxHssNH,1.4997473071945036,True
maxHaaNH,0.8852878901090903,False
maxHtCH,0.5159036470874632,False
maxHdCH2,0.5010271529125438,False
maxHdsCH,0.6364101071490036,False
maxHaaCH,0.6365824016314054,False
maxHCHnX,0.6341409643891276,False
maxHCsats,1.1929233960472887,True
maxHCsatu,0.7382336210380692,False
maxHAvin,0.6872558074662729,False
maxHother,0.7090095563876979,False
maxsCH3,0.6395146622324249,False
maxdCH2,0.5252744757285576,False
maxssCH2,1.3261153886383075,True
maxtCH,0.5214804731960447,False
maxdsCH,0.786123975319885,False
maxaaCH,1.0411969095353422,True
maxsssCH,1.4287939706910557,True
maxtsC,0.5728183952409396,False
maxdssC,0.762896120982602,False
maxaasC,0.9800022421128808,False
maxaaaC,0.6467824803941732,False
maxssssC,0.4963256554980377,False
maxsNH2,0.6471959524983127,False
maxdNH,0.772214045096907,False
maxssNH,1.3086776177376533,True
maxaaNH,0.8249701612478084,False
maxtN,0.48051911660249474,False
maxdsN,1.1332909922708614,True
maxaaN,1.2598569727137905,True
maxsssN,1.5284239280388519,True
maxaasN,0.8091611608588526,False
maxssssNp,0.19120010831441306,False
maxsOH,2.0117570582577238,True
maxdO,1.6047476128447529,True
maxssO,1.0607859550319756,True
maxaaO,1.068715774899676,True
maxsOm,0.42014150025749764,False
maxsF,1.0147348733176549,True
maxsSH,0.26183410714743394,False
maxdS,0.7563962747207833,False
maxsCl,0.4539534270430624,False
maxsBr,0.6212572521563136,False
sumI,1.0978426847648142,True
hmax,0.6251142186170805,False
gmax,0.6137178857163402,False
hmin,1.5355260896569332,True
gmin,0.707918335500146,False
LipoaffinityIndex,1.7552214901183771,True
MAXDN,0.6261661653363209,False
MAXDP,0.7780708119992986,False
DELS,0.8488549927253826,False
MAXDN2,0.6680623742526912,False
MAXDP2,0.7779987642747686,False
DELS2,0.8468567646341292,False
ETA_Alpha,1.4064649034073213,True
ETA_AlphaP,0.6189502939083115,False
ETA_dAlpha_A,0.6641365197503931,False
ETA_dAlpha_B,0.7824352889415366,False
ETA_Epsilon_1,1.1248060411024645,True
ETA_Epsilon_2,1.1384117417463926,True
ETA_Epsilon_3,0.8817230348720216,False
ETA_Epsilon_4,1.3680799489015036,True
ETA_Epsilon_5,1.1385514398629906,True
ETA_dEpsilon_A,1.1456651694372304,True
ETA_dEpsilon_B,0.8673494370262719,False
ETA_dEpsilon_C,1.3922166202407071,True
ETA_dEpsilon_D,1.0188064096320317,True
ETA_Psi_1,0.9721126723058501,False
ETA_dPsi_A,0.977006121002354,False
ETA_dPsi_B,0.49831406209262563,False
ETA_Shape_P,1.158972414245563,True
ETA_Shape_Y,0.8031693052590901,False
ETA_Shape_X,0.6954790869047165,False
ETA_Beta,1.2433435743468524,True
ETA_BetaP,0.8058095850037076,False
ETA_Beta_s,1.2983133207053636,True
ETA_BetaP_s,1.1494091694733732,True
ETA_Beta_ns,1.0281794730760434,True
ETA_BetaP_ns,0.797501510775098,False
ETA_dBeta,0.8099199152534466,False
ETA_dBetaP,0.8100436714190397,False
ETA_Beta_ns_d,1.2519569276605091,True
ETA_BetaP_ns_d,1.0344745410333012,True
ETA_Eta,1.2004200820934259,True
ETA_EtaP,1.0290336979195311,True
ETA_Eta_R,1.2193537126122338,True
ETA_Eta_F,1.1100792014144119,True
ETA_EtaP_F,0.6613234474400307,False
ETA_Eta_L,1.3184844669499765,True
ETA_EtaP_L,0.8262068188281433,False
ETA_Eta_R_L,1.394672231900146,True
ETA_Eta_F_L,1.0926368907143542,True
ETA_EtaP_F_L,0.7741063946524644,False
ETA_Eta_B,0.8842813180636035,False
ETA_EtaP_B,0.946649766078208,False
ETA_Eta_B_RC,0.9989490582011701,False
ETA_EtaP_B_RC,0.9247210990920358,False
FMF,0.6701612572149256,False
fragC,1.0848140394775239,True
nHBAcc,1.5735413040510131,True
nHBAcc2,0.9589683429207698,False
nHBAcc3,0.8139007764002217,False
nHBAcc_Lipinski,1.1123606137090296,True
nHBDon,1.0190669566340687,True
nHBDon_Lipinski,0.9934262249117902,False
HybRatio,0.7892495668748173,False
Kier1,1.2420549361832909,True
Kier2,1.1729930016935193,True
Kier3,1.013037889065968,True
nAtomLC,0.8580790156458765,False
nAtomP,0.6432676645826408,False
nAtomLAC,0.8561026320105337,False
MLogP,1.8677030062125584,True
McGowan_Volume,1.3821425156381042,True
MDEC-11,0.7876155651704251,False
MDEC-12,0.7549118250475745,False
MDEC-13,0.7814213961026598,False
MDEC-14,0.699436233197243,False
MDEC-22,1.4854280253368857,True
MDEC-23,1.8973336340098381,True
MDEC-24,0.7816551393446567,False
MDEC-33,1.0226712745966933,True
MDEC-34,0.8308064961463103,False
MDEC-44,0.7216515198617958,False
MDEO-11,0.712503095860118,False
MDEO-12,1.123800707067345,True
MDEO-22,0.8680271309253246,False
MDEN-11,0.8081379888926254,False
MDEN-12,0.8892855471608193,False
MDEN-13,0.8267862697400852,False
MDEN-22,1.1090440639735673,True
MDEN-23,1.2410856018305647,True
MDEN-33,0.5908575360522048,False
MLFER_A,1.765960176241279,True
MLFER_BH,0.9263673525263438,False
MLFER_BO,0.942802690596546,False
MLFER_S,0.9151511984683648,False
MLFER_E,1.083236239855976,True
MLFER_L,1.2467921508213797,True
PetitjeanNumber,0.4003317190452827,False
nRing,1.4233077894317514,True
n3Ring,0.44204215873947156,False
n4Ring,0.3342605278634618,False
n5Ring,0.9763829901588302,False
n6Ring,1.6487346892210262,True
n7Ring,0.9213081366521627,False
n8Ring,0.2514671559744947,False
n12Ring,0.39510554151826305,False
nG12Ring,0.8841404118578382,False
nFRing,0.6525258304275307,False
nF6Ring,0.6023219157632512,False
nF7Ring,0.4074193338691133,False
nF8Ring,0.6037030581323217,False
nF9Ring,0.7755133818272653,False
nF10Ring,0.8280488796120106,False
nF11Ring,0.8672273277104736,False
nF12Ring,0.7589145789260154,False
nFG12Ring,0.759075203119355,False
nTRing,0.8796086864641304,False
nT4Ring,0.3342605278634618,False
nT5Ring,0.9763829901588302,False
nT6Ring,1.6622668400787701,True
nT7Ring,0.9477941849599156,False
nT8Ring,0.6035833202203663,False
nT9Ring,0.7755133818272653,False
nT10Ring,0.8280488796120106,False
nT11Ring,0.8672273277104736,False
nT12Ring,0.7682511539815866,False
nTG12Ring,0.7498542698408571,False
nRotB,0.9442463615213383,False
LipinskiFailures,0.6519087101703023,False
TopoPSA,1.0040155334046745,True
VABC,1.3730192564991077,True
VAdjMat,1.4793218826550132,True
MW,1.291979873884447,True
WTPT-1,1.4100519277648336,True
WTPT-2,1.09184570672739,True
WTPT-3,1.021274839584346,True
WTPT-4,0.8382087209355806,False
WTPT-5,1.189931641037157,True
WPATH,0.8608987616686545,False
WPOL,1.4081660002014653,True
XLogP,1.2455908174359929,True
Zagreb,1.4272259534974456,True
